MNIS ID,Member_x,gender,constituency,Donations and other support (including loans) for activities as an MP,Employment and earnings - Ad hoc payments,Employment and earnings - Ongoing paid employment,Gifts and benefits from sources outside the UK,"Gifts, benefits and hospitality from UK sources",Value_sum,share_under30,share_over64,HighQualifications_num,share_non_uk_born,HouseConstMedianPrice,urbanicity_score,pop_per_household,is_female,wikidata_qid,occupations,is_medleg,pct_majority,majority_decile
39,Sir John Whittingdale,M,Maldon,5000.0,0.0,0.0,0.0,6160.0,11160.0,0.25447196252445897,0.246190184412863,21978.0,0.050888968,385000,0.2214778252749144,2.0281134873929476,0,Q264684,['politician'],0,0.13856062278044182,4.0
40,Sir Bernard Jenkin,M,Harwich and North Essex,26618.5,650.0,0.0,0.0,500.0,27768.5,0.26849383957757034,0.245873774201659,22746.0,0.072859964,320000,0.21630578936435535,1.9769729008906034,0,Q727852,['politician'],0,0.02418666611160835,0.0
152,Sir Iain Duncan Smith,M,Chingford and Woodford Green,15000.0,8950.0,0.0,0.0,1975.0,25925.0,0.29427473635447,0.164518443832829,35035.0,0.275110633,542500,0.46410161513775455,2.029149321479809,0,Q302486,['politician'],0,0.0980582124010554,3.0
163,Sir Stephen Timms,M,East Ham,4000.0,0.0,0.0,0.0,0.0,4000.0,0.374746061125907,0.0807939445924187,33355.0,0.555816553,425000,0.46410161513775455,2.1449997313128053,0,Q272346,['politician'],0,0.33946479467961577,9.0
172,Ms Diane Abbott,F,Hackney North and Stoke Newington,18000.0,25090.0,0.0,0.0,1144.0,44234.0,0.3413295838406004,0.0865669850306075,43925.0,0.35975464900000004,575000,0.4632807217280291,1.9683666530667754,1,Q153454,"['politician', 'journalist']",0,0.36817305109988036,9.0
177,Gareth Thomas,M,Harrow West,9000.0,0.0,0.0,0.0,3000.0,12000.0,0.31336824020289533,0.126327415528102,43673.0,0.537636201,517500,0.46410161513775455,2.075813953488372,0,Q5522982,['politician'],0,0.14681373090780486,5.0
178,John McDonnell,M,Hayes and Harlington,77569.0,0.0,0.0,0.0,0.0,77569.0,0.3430674979334204,0.101366645807742,31283.0,0.484027742,425000,0.46410161513775455,2.1042553705627913,0,Q694695,['politician'],0,0.3140023489494976,8.0
185,Jeremy Corbyn,M,Islington North,88631.29000000001,0.0,0.0,0.0,75132.04,163763.33000000002,0.27295186194368704,0.0939146230699364,53072.0,0.381443123,610000,0.46410161513775455,1.9099404527252732,0,Q291169,"['politician', 'trade unionist']",0,0.14787985144676163,5.0
188,Ed Davey,M,Kingston and Surbiton,72750.0,0.0,0.0,0.0,3882.0,76632.0,0.3045806429216133,0.140222523085468,46175.0,0.320780442,505000,0.4635628065936783,2.0039691579777448,0,Q296689,"['politician', 'economist']",0,0.34018237801989576,9.0
193,Dame Siobhain McDonagh,F,Mitcham and Morden,0.0,0.0,0.0,0.0,1200000.0,1200000.0,0.30107144013206777,0.121831806558119,39722.0,0.42656299200000003,455000,0.46410161513775455,2.065390536108694,1,Q694759,['politician'],0,0.41456192685891063,9.0
206,Mr David Lammy,M,Tottenham,192173.55,33660.0,0.0,0.0,4800.0,230633.55,0.3158686700382419,0.0898140740033911,45033.0,0.506740295,512500,0.46410161513775455,1.9735201468740942,0,Q534727,"['lawyer', 'politician', 'jurist']",1,0.38442761781408785,9.0
227,Andrew George,M,St Ives,68000.0,0.0,1530.66,0.0,0.0,69530.66,0.2311712196653653,0.283093347687614,24239.0,0.050303648,300000,0.20951998845653885,1.9367907230288914,0,Q391275,['politician'],0,0.28657547915021,8.0
242,Sir Christopher Chope,M,Christchurch,0.0,600.0,0.0,0.0,0.0,600.0,0.211891179344985,0.350905702402327,22272.0,0.067821362,420000,0.44518381540397917,1.965960427245666,0,Q271715,['politician'],0,0.157494454420619,5.0
249,Sir Geoffrey Clifton-Brown,M,North Cotswolds,0.0,27111.05,20000.0,0.0,0.0,47111.05,0.2520588704107108,0.246033685776526,30318.0,0.0849972,385000,0.25088639120692147,2.001775766016713,0,Q285183,['politician'],0,0.06683390073463537,2.0
350,Sir John Hayes,M,South Holland and The Deepings,22100.0,0.0,121713.6,0.0,0.0,143813.6,0.2537239814540788,0.241070067350031,19402.0,0.134226822,237500,0.30879711657033226,2.0187538609010542,0,Q478686,['politician'],0,0.14927062921837578,5.0
394,Mr Clive Betts,M,Sheffield South East,0.0,0.0,0.0,0.0,400.0,400.0,0.288602068900066,0.190006643257094,18841.0,0.115373864,175000,0.46337348250193616,1.9696813954017238,0,Q263508,['politician'],0,0.3482709457381678,9.0
467,Sir Lindsay Hoyle,M,Chorley,2995.0,0.0,0.0,0.0,0.0,2995.0,0.2701039239398667,0.2029515578759,27564.0,0.052622300999999996,202750,0.3623657047020409,1.9809978526065701,0,Q689660,['politician'],0,0.605788481922035,9.0
473,Sir Mark Hendrick,M,Preston,4430.0,0.0,0.0,0.0,1400.0,5830.0,0.353326248671625,0.130575982996811,26642.0,0.216283834,140000,0.4625121495741822,1.9178927079987151,0,Q673628,"['computer scientist', 'politician']",0,0.1322981521766309,4.0
483,Maria Eagle,F,Liverpool Garston,3000.0,0.0,0.0,0.0,0.0,3000.0,0.2813150097711651,0.205194477715438,26278.0,0.079972985,225000,0.46410161513775455,1.9407630227439472,1,Q302815,"['solicitor', 'politician']",1,0.47874645774295715,9.0
1211,Mr Andrew Mitchell,M,Sutton Coldfield,32501.0,0.0,0.0,0.0,0.0,32501.0,0.2691561540909229,0.234605791240261,32540.0,0.102748686,356735,0.46251932339949203,1.9966260404280618,0,Q333261,"['businessperson', 'politician', 'merchant banker']",0,0.05261415595969628,1.0
1444,Mr Mark Francois,M,Rayleigh and Wickford,22500.0,0.0,0.0,0.0,0.0,22500.0,0.26379871792246,0.229739693202531,18218.0,0.046651093000000005,385000,0.3996566241375404,2.0336363408709586,0,Q390869,['politician'],0,0.11715786402100963,4.0
1447,Andrew Rosindell,M,Romford,27800.0,0.0,0.0,0.0,8123.6,35923.6,0.2990232358396599,0.166506766079146,26759.0,0.217706172,440000,0.46410161513775455,2.0399435865563897,0,Q480092,['politician'],0,0.0332145208527255,1.0
1466,Dr Andrew Murrison,M,South West Wiltshire,2000.0,8171.09,0.0,0.0,0.0,10171.09,0.2608227659945252,0.22499461808937,22851.0,0.101494259,270000,0.30832941631634236,1.989075188688258,0,Q578234,"['politician', 'military physician']",0,0.07024345867267372,2.0
1482,Graham Stuart,M,Beverley and Holderness,12000.0,0.0,0.0,0.0,0.0,12000.0,0.234805252368552,0.273599645409718,24042.0,0.03881398,222500,0.31159960303503403,1.9794611616515045,0,Q328641,"['architect', 'politician', 'publisher']",0,0.0027618771855580553,0.0
1491,Kerry McCarthy,F,Bristol East,5000.0,0.0,0.0,0.0,350.0,5350.0,0.2967938821022597,0.126556335039771,33262.0,0.200088835,327000,0.46410161513775455,1.967944418874789,1,Q581095,"['lawyer', 'politician']",1,0.1432692099156347,5.0
1510,Ed Miliband,M,Doncaster North,354000.0,0.0,0.0,0.0,0.0,354000.0,0.2835380835380828,0.201197788697788,16488.0,0.056237527,160000,0.29613889335139404,1.972556311342293,0,Q216594,"['politician', 'podcaster']",0,0.2943681052835301,8.0
1524,Dame Meg Hillier,F,Hackney South and Shoreditch,0.0,0.0,0.0,0.0,882.62,882.62,0.275553107981713,0.0774394881074135,51552.0,0.426568344,600000,0.46410161513775455,1.912392060568856,1,Q676658,['politician'],0,0.3533968010359464,9.0
1536,Emily Thornberry,F,Islington South and Finsbury,0.0,1850.0,0.0,0.0,0.0,1850.0,0.295086908469807,0.0930958839880772,55728.0,0.41618122700000004,700000,0.46410161513775455,1.8855221942088776,1,Q272408,"['politician', 'barrister']",1,0.3614866445244889,9.0
1560,Sir Jeremy Wright,M,Kenilworth and Southam,16000.0,0.0,4000.0,0.0,0.0,20000.0,0.2689107963644678,0.23467689939893,33963.0,0.08759513199999999,360000,0.25080558638619893,2.0173738604911,0,Q260489,['politician'],0,0.1232933233308327,4.0
1576,Mark Pritchard,M,The Wrekin,9500.0,8000.0,23883.33,0.0,0.0,41383.33,0.2871091975947821,0.204770468872054,26547.0,0.10342317200000001,242500,0.3762558056684678,2.0202748511223088,0,Q575183,['politician'],0,0.01765293882447021,0.0
1579,Mary Creagh,F,Coventry East,13000.0,0.0,0.0,0.0,1708.0,14708.0,0.3394795269026649,0.135037430153764,23868.0,0.305736538,203000,0.46410161513775455,1.9787533150779446,1,Q291470,['politician'],0,0.31401631814988923,8.0
1587,Pat McFadden,M,Wolverhampton South East,10000.0,0.0,0.0,0.0,5620.0,15620.0,0.3399811776259251,0.143189164859445,19112.0,0.209109295,180000,0.4304757190967183,1.9997084610602585,0,Q694676,['politician'],0,0.2752381522976454,8.0
1591,Tim Farron,M,Westmorland and Lonsdale,141249.2,0.0,0.0,0.0,1427.41,142676.61000000002,0.21488970185546138,0.282722513089005,29007.0,0.06186889500000001,280000,0.3366605542163683,1.949761618107392,0,Q304251,['politician'],0,0.4334887852542749,9.0
3912,Richard Fuller,M,North Bedfordshire,7000.0,4750.0,45000.0,0.0,1065.0,57815.0,0.277714765004718,0.193505342318213,30142.0,0.098082331,362500,0.22916445086338502,2.0480908200848527,0,Q391073,['politician'],0,0.10500184247784178,3.0
3914,Shabana Mahmood,F,Birmingham Ladywood,153968.0,0.0,0.0,0.0,0.0,153968.0,0.43715725035072,0.0579964290269098,36920.0,0.435116077,180000,0.46410161513775455,1.8792169070077072,1,Q695007,['politician'],0,0.09352360644085404,3.0
3935,Mel Stride,M,Central Devon,45000.0,0.0,0.0,0.0,0.0,45000.0,0.2398577491770831,0.267355341285549,27256.0,0.057125498000000004,305000,0.2497916753711294,1.9904869428627527,0,Q328769,['politician'],0,0.0011416379697559516,0.0
3948,Rebecca Harris,F,Castle Point,18000.0,0.0,0.0,0.0,0.0,18000.0,0.2591921990379678,0.254600189788505,14081.0,0.048242253,355000,0.4142182154480216,2.0184355490268087,1,Q478305,['politician'],0,0.0800088597937637,2.0
3952,Mr Toby Perkins,M,Chesterfield,12500.0,0.0,0.0,0.0,1438.24,13938.24,0.2534169960263763,0.22200087355783,21267.0,0.050748004,185123,0.43704189280359873,1.898670660062205,0,Q575462,"['politician', 'council member']",0,0.2603778125376008,7.0
3969,Damian Hinds,M,East Hampshire,17500.0,0.0,0.0,0.0,0.0,17500.0,0.2510217204137013,0.250683871530237,30226.0,0.087121428,442000,0.20887543243295653,2.0284108729743857,0,Q676947,['politician'],0,0.02549694036715594,0.0
3973,Grahame Morris,M,Easington,56454.0,0.0,0.0,0.0,400.0,56854.0,0.2752770266687867,0.205630666454588,16201.0,0.027024952999999997,94999.5,0.3013788106741297,1.924150622876557,0,Q580215,['politician'],0,0.19059550168977973,6.0
3991,Jesse Norman,M,Hereford and South Herefordshire,35000.0,4860.3,0.0,0.0,0.0,39860.3,0.2551947985250153,0.235627638485162,24727.0,0.10330803499999999,262500,0.38130339710727623,1.9506116350733027,0,Q577024,"['politician', 'academic']",0,0.028065478802773634,0.0
4005,Bob Blackman,M,Harrow East,24141.0,0.0,0.0,0.0,0.0,24141.0,0.2937530651243803,0.172002096967852,39153.0,0.534664096,560000,0.46317172799537215,2.1120928433268857,0,Q263875,['politician'],0,0.24446909600853967,7.0
4008,Dame Caroline Dinenage,F,Gosport,19500.0,0.0,50000.0,0.0,7582.5,77082.5,0.2667885586786078,0.235220593552119,20987.0,0.071326668,259750,0.45931270395141366,1.9619998094512192,1,Q300107,['politician'],0,0.13673013076766719,4.0
4020,George Freeman,M,Mid Norfolk,0.0,0.0,27000.0,0.0,4900.0,31900.0,0.24537440865290788,0.263527866429956,19744.0,0.076100311,270000,0.20884936836728293,2.022228223509771,0,Q390983,"['politician', 'venture capitalist']",0,0.06654029675142166,2.0
4026,Liz Kendall,F,Leicester West,7500.0,0.0,0.0,0.0,1500.0,9000.0,0.36128148959474204,0.112588014395243,25845.0,0.328142603,210000,0.4633045222990567,1.983937518420277,1,Q750260,['politician'],0,0.24795886657061333,7.0
4029,Lilian Greenwood,F,Nottingham South,2000.0,0.0,0.0,0.0,1050.0,3050.0,0.461875954999955,0.123035269097765,25228.0,0.216493614,210000,0.42167149569646006,1.9615611492499363,1,Q392064,"['politician', 'trade unionist']",0,0.3130873810030719,8.0
4030,Karl Turner,M,Kingston upon Hull East,5000.0,0.0,0.0,0.0,0.0,5000.0,0.3074342015942892,0.173587540487596,15218.0,0.066332271,131500,0.46410161513775455,1.9539355952218738,0,Q272123,['politician'],0,0.1314730346122887,4.0
4032,Stuart Andrew,M,Daventry,0.0,0.0,0.0,0.0,515.68,515.68,0.2611141524927791,0.214448870179147,29323.0,0.091552546,315000,0.2419489559687942,2.0417553739440972,0,Q259707,['politician'],0,0.05674239855318187,1.0
4046,Bridget Phillipson,F,Houghton and Sunderland South,32450.0,500.0,0.0,0.0,2827.1,35777.1,0.2678351510852318,0.211292722095784,19041.0,0.02683023,142000,0.3733625449056904,1.956379114389499,1,Q575337,['politician'],0,0.17908173461231014,6.0
4048,Caroline Nokes,F,Romsey and Southampton North,22550.0,0.0,0.0,0.0,3520.0,26070.0,0.292232923220064,0.229696423799107,31238.0,0.140008884,390000,0.34320194105938284,2.0180228782656475,1,Q577227,['politician'],0,0.04379634997101565,1.0
4056,Sir Nicholas Dakin,M,Scunthorpe,28000.0,0.0,0.0,0.0,0.0,28000.0,0.28156441485740147,0.206161585596489,18785.0,0.128914487,158500,0.4394118178337287,1.979633166052316,0,Q291785,['politician'],0,0.09070190264013725,3.0
4061,Bill Esterson,M,Sefton Central,12000.0,0.0,0.0,0.0,1800.0,13800.0,0.2372207517781473,0.280571621518587,27171.0,0.037789186,265000,0.392956605684513,1.9866512997823025,0,Q303465,['politician'],0,0.38529789879660264,9.0
4066,Priti Patel,F,Witham,208900.0,0.0,0.0,0.0,4670.0,213570.0,0.26766422867878903,0.221278553694845,23148.0,0.065384961,360000,0.33143780833186587,2.0281870385561933,1,Q575733,['politician'],0,0.10167381380550561,3.0
4074,Mark Garnier,M,Wyre Forest,0.0,7000.0,11000.0,0.0,0.0,18000.0,0.2502149949183013,0.254808068172934,22057.0,0.049721982,235000,0.36923207878009334,1.9558737864077669,0,Q391222,"['politician', 'fund manager']",0,0.0179813100668763,0.0
4077,Emma Reynolds,F,Wycombe,19675.0,2975.86,0.0,0.0,0.0,22650.86,0.3146095600873313,0.140948576206624,32194.0,0.24835637100000002,385000,0.44439596585207247,2.018037514480787,1,Q501942,['politician'],0,0.10285189416851491,3.0
4082,Lisa Nandy,F,Wigan,57000.08,0.0,0.0,0.0,0.0,57000.08,0.2797825105358212,0.189466059602649,22877.0,0.073947436,170000,0.3805911075504718,1.9554002568959135,1,Q578037,['politician'],0,0.23347759113914765,7.0
4083,Alison McGovern,F,Birkenhead,5000.0,0.0,0.0,0.0,1048.0,6048.0,0.2916325589710296,0.185545864265484,23798.0,0.070368873,170125,0.46402009392149124,1.8708203833879142,1,Q694639,['politician'],0,0.31988686419066165,8.0
4084,Esther McVey,F,Tatton,0.0,3692.2999999999997,0.0,0.0,335.0,4027.2999999999997,0.25366291138475117,0.240603397891936,36115.0,0.079998704,399995,0.37073151860080455,1.987346346798545,1,Q584062,"['businessperson', 'politician', 'television presenter', 'executive producer']",0,0.02188445163651775,0.0
4088,Ms Stella Creasy,F,Walthamstow,7000.0,820.9200000000001,0.0,0.0,0.0,7820.92,0.3076474166132393,0.0818332757968798,45342.0,0.407391069,518705,0.46410161513775455,2.041600247278829,1,Q291502,['politician'],0,0.39406148725584655,9.0
4095,Steve Barclay,M,North East Cambridgeshire,37698.0,0.0,0.0,0.0,0.0,37698.0,0.2597078662590378,0.233105255495705,16152.0,0.124631985,230000,0.281354325005941,1.9939069482566976,0,Q260546,['politician'],0,0.183505207269757,6.0
4107,Dame Harriett Baldwin,F,West Worcestershire,0.0,0.0,0.0,465.0,390.0,855.0,0.2345033457546973,0.286873422286332,31938.0,0.056075215000000005,330000,0.3357270728688455,1.9875521349402032,1,Q260429,['politician'],0,0.11971766599008905,4.0
4110,Dame Karen Bradley,F,Staffordshire Moorlands,12000.0,1050.0,0.0,0.0,10400.0,23450.0,0.23752668246111952,0.265616570101569,20349.0,0.026155933,215000,0.2612827709792237,1.9795771289279847,1,Q264560,"['businessperson', 'politician']",0,0.027135005311532956,0.0
4118,Sir Julian Smith,M,Skipton and Ripon,17500.010000000002,0.0,0.0,0.0,1125.0,18625.010000000002,0.2358982620778536,0.274070121030267,30943.0,0.055832953,282500,0.21280024436361222,1.9673518853040037,0,Q390794,['politician'],0,0.03086997193638915,1.0
4119,Jonathan Reynolds,M,Stalybridge and Hyde,4950.0,0.0,0.0,0.0,1269.28,6219.28,0.288708738756215,0.177797290260661,20498.0,0.07259383,195000,0.40875256096966334,1.950108171076718,0,Q501926,"['politician', 'trainee solicitor']",1,0.2293026128521174,7.0
4124,Chi Onwurah,F,Newcastle upon Tyne Central and West,35302.5,0.0,0.0,0.0,3400.0,38702.5,0.37362498419522,0.137921801670472,29412.0,0.225036541,157500,0.46368763267644203,1.9097082083446957,1,Q576208,"['engineer', 'politician']",0,0.26744045460041105,8.0
4125,Catherine McKinnell,F,Newcastle upon Tyne North,0.0,1000.0,0.0,0.0,2500.0,3500.0,0.342984184265276,0.171910960543516,39398.0,0.11999874,235000,0.4337012885265426,1.9611843412598529,1,Q3411409,"['solicitor', 'politician']",1,0.3653454552934159,9.0
4212,Debbie Abrahams,F,Oldham East and Saddleworth,3900.0,0.0,0.0,0.0,0.0,3900.0,0.3307301906634353,0.169786475241186,22564.0,0.147881215,195000,0.3520040261031797,1.9928918144578884,1,Q258088,['politician'],0,0.15866716585548485,5.0
4253,Seema Malhotra,F,Feltham and Heston,31338.58,0.0,0.0,0.0,0.0,31338.58,0.3264462809917349,0.115820966260848,34121.0,0.503814255,425000,0.46410161513775455,2.085671751179515,1,Q694984,['politician'],0,0.20428420809010722,6.0
4263,Lucy Powell,F,Manchester Central,0.0,0.0,0.0,0.0,5374.0,5374.0,0.365191676472409,0.0848609648851179,40914.0,0.320516554,232000,0.46410161513775455,1.8935452406908027,1,Q6698469,['politician'],0,0.34731277533039645,9.0
4320,Robert Jenrick,M,Newark,799026.71,0.0,0.0,0.0,0.0,799026.71,0.25730034228369353,0.240167504500051,28511.0,0.077102335,256250,0.33160170905004505,1.989940646295889,0,Q17180679,"['lawyer', 'businessperson', 'politician']",1,0.06681756112160721,2.0
4356,Angela Rayner,F,Ashton-under-Lyne,99929.5,0.0,0.0,836.0,5228.0,105993.5,0.3051969940316849,0.162849721412567,18673.0,0.146074209,199950,0.3603322272689795,1.947049071618037,1,Q18164278,"['politician', 'trade unionist']",0,0.19150616169876766,6.0
4358,Wendy Morton,F,Aldridge-Brownhills,9000.0,0.0,0.0,0.0,0.0,9000.0,0.2678830559112239,0.230271020059752,20894.0,0.063352523,250000,0.3926347374828673,2.003611876339149,1,Q19917814,['politician'],0,0.10495698083691826,3.0
4366,Mr James Cleverly,M,Braintree,297500.0,0.0,0.0,0.0,0.0,297500.0,0.2717859242542054,0.210036222951317,21963.0,0.074642337,330000,0.335839714605527,2.027200704225352,0,Q6131460,['politician'],0,0.07485518479236354,2.0
4368,Neil Coyle,M,Bermondsey and Old Southwark,6250.0,0.0,0.0,0.0,0.0,6250.0,0.292701650490759,0.0704794282685383,52463.0,0.45476920099999996,538750,0.46410161513775455,1.8985423226909683,0,Q19957144,['politician'],0,0.20708454112703772,6.0
4370,Jess Phillips,F,Birmingham Yardley,3000.0,68986.28,0.0,0.0,310.0,72296.28,0.3739358677107477,0.124931099348177,20194.0,0.26816270200000003,220000,0.46410161513775455,2.0074367570862544,1,Q19979409,['politician'],0,0.019173306772908367,0.0
4389,Ruth Cadbury,F,Brentford and Isleworth,0.0,0.0,0.0,0.0,418.0,418.0,0.30150621526649,0.120744903171875,45984.0,0.49278639199999996,495000,0.46410161513775455,2.0427659664398323,1,Q19871785,['politician'],0,0.21708578247226765,7.0
4394,Imran Hussain,M,Bradford East,11620.0,0.0,0.0,0.0,0.0,11620.0,0.3920974913724442,0.107761481284842,19228.0,0.254259002,140000,0.46405409371819945,2.0048014640371785,0,Q19958134,['politician'],0,0.16629944110060188,5.0
4396,Rebecca Long Bailey,F,Salford,52188.0,0.0,0.0,0.0,0.0,52188.0,0.34323861799197,0.0973809354815813,37421.0,0.253887777,210000,0.40894809627019574,1.8948338005606726,1,Q19979355,"['lawyer', 'politician']",1,0.38033951239169855,9.0
4399,Victoria Atkins,F,Louth and Horncastle,5000.0,0.0,0.0,0.0,545.44,5545.4400000000005,0.22235580596847643,0.307634311098432,19610.0,0.03793485,220000,0.2322313950296558,1.9804668585263352,1,Q19938362,"['politician', 'barrister']",1,0.11846210116396652,4.0
4409,Naz Shah,F,Bradford West,44500.0,9225.0,0.0,0.0,0.0,53725.0,0.40059405294251904,0.104816072069719,22918.0,0.324886777,137750,0.4528138690114558,1.977267058613932,1,Q19882845,['politician'],0,0.019066368220921767,0.0
4439,Alberto Costa,M,South Leicestershire,11987.8,0.0,0.0,0.0,700.0,12687.8,0.2695097185958797,0.211149792089739,26154.0,0.051323838,283500,0.27087073642599074,2.04401405958812,0,Q19957124,"['solicitor', 'lawyer', 'politician']",1,0.10720613719114469,3.0
4441,Sir Oliver Dowden,M,Hertsmere,22000.0,60000.0,0.0,0.0,0.0,82000.0,0.2911790458795052,0.188423262689124,33329.0,0.222647132,535000,0.3819699994601855,2.0223938960419647,0,Q19957590,['politician'],0,0.1664757222904993,5.0
4449,Anna Turley,F,Redcar,49000.0,2950.35,0.0,0.0,900.0,52850.35,0.2698109991263761,0.228665487630777,18528.0,0.032423653,160000,0.42951451445498773,1.9173020388809863,1,Q20648420,"['politician', 'researcher', 'research fellow']",0,0.08696903870815777,2.0
4456,Jeff Smith,M,Manchester Withington,2000.0,0.0,0.0,0.0,2918.0,4918.0,0.341890944393505,0.112938892184887,41938.0,0.206279468,330000,0.46410161513775455,1.937958448166207,0,Q20648365,"['politician', 'disc jockey']",0,0.33505068174738206,9.0
4462,Tom Tugendhat,M,Tonbridge,326805.49,0.0,0.0,0.0,509.02,327314.51,0.27994917095365923,0.217027730524072,27747.0,0.094915688,441500,0.4599142312041549,2.032740643731426,0,Q20648385,"['politician', 'journalist']",0,0.22186456843109204,7.0
4471,Rachael Maskell,F,York Central,9000.0,0.0,0.0,0.0,0.0,9000.0,0.37787851969584696,0.13741037079849,36169.0,0.142730205,280000,0.46410161513775455,1.916179879462216,1,Q20127923,['politician'],0,0.44212081342473974,9.0
4473,Louise Haigh,F,Sheffield Heeley,65308.33,0.0,0.0,0.0,1580.0,66888.33,0.2961005610502711,0.171245940992026,26266.0,0.135603032,202000,0.4634943768320407,1.9149090135149516,1,Q19957992,['politician'],0,0.3980648181865474,9.0
4474,Kevin Hollinrake,M,Thirsk and Malton,4999.0,0.0,0.0,0.0,1800.0,6799.0,0.2275621340539645,0.282848134954755,26311.0,0.051052291,262500,0.2485698721701817,1.9737454395263991,0,Q19958100,"['politician', 'estate agent']",0,0.15161555917023115,5.0
4484,Alan Mak,M,Havant,125407.0,0.0,0.0,0.0,0.0,125407.0,0.2627006748543397,0.241428092383786,20890.0,0.065550763,312250,0.39564551882027954,1.9840975442211919,0,Q19868483,"['lawyer', 'politician']",1,0.0021808182809462855,0.0
4493,Richard Burgon,M,Leeds East,15000.0,0.0,0.0,0.0,0.0,15000.0,0.3301931188343145,0.15769338027678,22883.0,0.178364296,217500,0.46410161513775455,1.9706686996297103,0,Q19871710,['politician'],0,0.28600081243018177,8.0
4494,Simon Hoare,M,North Dorset,4232.0,0.0,0.0,0.0,0.0,4232.0,0.2448784731431472,0.275337103088299,24133.0,0.071303036,335000,0.20815823883789822,2.0067941081175382,0,Q19958093,['politician'],0,0.03198277076666063,1.0
4495,Kit Malthouse,M,North West Hampshire,7500.0,0.0,0.0,0.0,0.0,7500.0,0.2818104883841549,0.17525229086475,29534.0,0.12819483,332500,0.3411254720832322,2.0307165555207445,0,Q6417459,"['businessperson', 'politician', 'chartered accountant', 'financier']",0,0.06469511835192727,2.0
4500,Clive Lewis,M,Norwich South,67043.09,2400.0,0.0,0.0,1209.47,70652.56,0.34683477655863504,0.163954155266597,32545.0,0.176819386,242500,0.46410161513775455,1.8449574314879917,0,Q20127903,['politician'],0,0.29358021953653396,8.0
4504,Wes Streeting,M,Ilford North,118134.0,8200.0,0.0,0.0,3695.36,130029.36,0.3255837191486524,0.132273590247476,39412.0,0.446147866,490000,0.46410161513775455,2.096983056929741,0,Q7983764,['politician'],0,0.011260876983449923,0.0
4510,Helen Hayes,F,Dulwich and West Norwood,9000.0,0.0,0.0,0.0,0.0,9000.0,0.29118117540156463,0.103086635935976,48889.0,0.332255489,534500,0.46410161513775455,1.9787458505752353,1,Q19874017,['politician'],0,0.4140552690731191,9.0
4511,Dr Rupa Huq,F,Ealing Central and Acton,0.0,0.0,0.0,0.0,1250.0,1250.0,0.292901236866208,0.114482727807522,60240.0,0.494245502,590000,0.46410161513775455,1.9445152210947336,1,Q7380182,"['politician', 'journalist', 'sociologist']",0,0.2929724298185015,8.0
4514,Sir Keir Starmer,M,Holborn and St Pancras,6000.0,1674.0,0.0,0.0,72705.8,80379.8,0.366238709158648,0.101968247161096,46498.0,0.448321545,670000,0.46410161513775455,1.8395445453146637,0,Q6383803,"['politician', 'jurist', 'barrister']",1,0.29977721361587484,8.0
4520,Matthew Pennycook,M,Greenwich and Woolwich,10000.0,0.0,0.0,0.0,0.0,10000.0,0.2948812435094294,0.0800726943820977,52810.0,0.411897495,500000,0.46410161513775455,1.9515580850892065,0,Q20203414,['politician'],0,0.4299257941431213,9.0
4527,Helen Whately,F,Faversham and Mid Kent,2000.0,0.0,0.0,0.0,452.0,2452.0,0.2818108628205622,0.207133880532537,23181.0,0.086623651,359000,0.3432920339542245,2.0470816636383997,1,Q20747098,"['politician', 'business consultant']",0,0.03152766450615959,1.0
4573,Dr Rosena Allin-Khan,F,Tooting,13950.0,8080.0,0.0,0.0,0.0,22030.0,0.2654315789473676,0.0980304093567251,55430.0,0.340868882,616000,0.46410161513775455,2.0049085703731064,1,Q24668273,"['physician', 'politician']",0,0.368075099635457,9.0
4591,Sarah Olney,F,Richmond Park,15800.0,0.0,0.0,0.0,1050.0,16850.0,0.2899558311009969,0.159079710080005,56528.0,0.346209875,825000,0.46410161513775455,1.9933508311461068,1,Q27942399,"['politician', 'accountant']",0,0.32860837084570443,8.0
4592,Dr Caroline Johnson,F,Sleaford and North Hykeham,0.0,713.4,25203.6,0.0,700.0,26617.0,0.2565968409060583,0.234407233688791,23780.0,0.062229383,225500,0.2313436337001929,2.016766928148612,1,Q27979810,"['politician', 'pediatrician']",1,0.08948831462987748,2.0
4595,Gareth Snell,M,Stoke-on-Trent Central,40000.0,0.0,0.0,0.0,0.0,40000.0,0.328029730632038,0.149927079123543,20194.0,0.16637728499999999,128000,0.46410161513775455,1.914935971104909,0,Q28834849,['politician'],0,0.18161466746011504,6.0
4598,Mohammad Yasin,M,Bedford,4250.0,0.0,0.0,707.0,400.0,5357.0,0.2984552529534583,0.160738658447298,28326.0,0.281095747,290000,0.42201600698904307,1.9521048876204068,0,Q30234247,['politician'],0,0.2319289702156964,7.0
4603,Preet Kaur Gill,F,Birmingham Edgbaston,10000.0,0.0,0.0,0.0,476.0,10476.0,0.345821005917159,0.149288091715976,34230.0,0.288823226,255500,0.46410161513775455,1.902959541329124,1,Q30173119,['politician'],0,0.22357593245698407,7.0
4607,Stephanie Peacock,F,Barnsley South,2000.0,0.0,0.0,0.0,3411.3599999999997,5411.36,0.2801905826410657,0.186357996040579,17204.0,0.072458924,138500,0.2641812683791191,1.9533409076293167,1,Q30164451,"['politician', 'trade unionist']",0,0.13534006042985006,4.0
4613,Alex Burghart,M,Brentwood and Ongar,7817.24,0.0,0.0,0.0,0.0,7817.24,0.27238551964479807,0.210235412454405,26552.0,0.10111394,490000,0.3819959450372868,2.0030152475586775,0,Q30234239,['politician'],0,0.12372755110485807,4.0
4616,Rosie Duffield,F,Canterbury,12000.0,0.0,0.0,0.0,0.0,12000.0,0.346024761336515,0.201614707637231,33099.0,0.160484672,352250,0.42159616497249647,1.986338048157434,1,Q30164380,['politician'],0,0.18320594524782452,6.0
4621,Darren Jones,M,Bristol North West,135061.83000000002,0.0,0.0,0.0,6155.0,141216.83000000002,0.332130390517053,0.164551668969529,37904.0,0.169625518,385000,0.46410161513775455,2.014719894857894,0,Q30174665,['politician'],0,0.3233121492241664,8.0
4631,Sarah Jones,F,Croydon West,12000.0,0.0,0.0,0.0,0.0,12000.0,0.3248768671780371,0.0925958821154622,38029.0,0.454066163,345000,0.46410161513775455,1.965998256320837,1,Q30179052,['politician'],0,0.37317034783064895,9.0
4637,Mr James Frith,M,Bury North,40500.0,0.0,0.0,0.0,13054.720000000001,53554.72,0.2887673089958359,0.195603757141473,25545.0,0.11911337,212750,0.418285829057783,1.9705181862325711,0,Q56418867,['researcher'],0,0.15254833040421792,5.0
4645,Emma Hardy,F,Kingston upon Hull West and Haltemprice,27000.0,0.0,0.0,0.0,0.0,27000.0,0.2727469997735668,0.194184466752207,22000.0,0.11819192,155000,0.43039379310257786,1.9057198051402655,1,Q30234242,"['teacher', 'politician']",0,0.2351878044947352,7.0
4651,Dan Carden,M,Liverpool Walton,9360.0,0.0,0.0,0.0,4261.0,13621.0,0.3057646077613696,0.16304763773733,18689.0,0.094022595,140000,0.46410161513775455,1.945066629521289,0,Q30226321,['politician'],0,0.5488532234452096,9.0
4653,Stephen Morgan,M,Portsmouth South,0.0,0.0,0.0,0.0,1780.0,1780.0,0.361640219018136,0.132712348123564,29882.0,0.21868871299999998,240000,0.46410161513775455,1.8917413417292324,0,Q30179008,['politician'],0,0.33793156596794083,9.0
4656,Layla Moran,F,Oxford West and Abingdon,29079.61,0.0,17637.0,0.0,716.9100000000001,47433.520000000004,0.350449834764128,0.173296385406817,44640.0,0.25994329,440000,0.39304417052246654,1.979321367745316,1,Q30223601,"['teacher', 'politician']",0,0.3237966868124701,8.0
4657,Anneliese Dodds,F,Oxford East,0.0,2604.4300000000003,0.0,0.0,755.0,3359.4300000000003,0.345080875035841,0.117627215841049,44122.0,0.344709289,425000,0.46410161513775455,2.013672391017173,1,Q16529268,"['politician', 'university teacher']",0,0.3676825703464579,9.0
4676,Marsha De Cordova,F,Battersea,21436.0,2000.0,0.0,0.0,0.0,23436.0,0.2548023726169521,0.0874857153222442,59952.0,0.39764085400000004,790000,0.46410161513775455,1.9601390983743925,1,Q30163501,['politician'],0,0.25570281636294123,7.0
4682,Luke Pollard,M,Plymouth Sutton and Devonport,8584.0,0.0,0.0,0.0,440.9,9024.9,0.332403358884761,0.143219114176469,28115.0,0.144500572,195000,0.46410161513775455,1.8594344015918038,0,Q30164902,['politician'],0,0.31661717543651263,8.0
4742,Stuart Anderson,M,South Shropshire,22360.0,0.0,0.0,0.0,810.0,23170.0,0.2139620548561612,0.308395860149227,26985.0,0.040674707,295000,0.2139432537700612,1.988525566219724,0,Q76363439,['politician'],0,0.031440574603604825,1.0
4743,Lee Anderson,M,Ashfield,0.0,2720.13,100000.0,0.0,0.0,102720.13,0.2746367969295906,0.203675312620589,16126.0,0.059718512,182000,0.40871008999066377,1.9895590570416513,0,Q76736589,['politician'],0,0.13810741687979539,4.0
4753,Mary Kelly Foy,F,City of Durham,14000.0,0.0,0.0,0.0,0.0,14000.0,0.357447970508494,0.193284440890206,28224.0,0.09391037099999999,162500,0.3629721964689834,1.9312778332076022,1,Q76363590,['politician'],0,0.28938883008836486,8.0
4759,Joy Morrissey,F,Beaconsfield,26500.0,0.0,0.0,0.0,0.0,26500.0,0.26820691569758404,0.220117832135476,33381.0,0.159792714,585000,0.315516689852775,2.011409959540955,1,Q63929106,"['politician', 'film actor']",0,0.11429828604953275,4.0
4769,Daisy Cooper,F,St Albans,53680.96,0.0,0.0,0.0,6541.3099999999995,60222.27,0.2950827897641738,0.164545910687405,40606.0,0.191330765,590000,0.44078570168297165,2.020471572828184,1,Q75838761,['politician'],0,0.38427558414383695,9.0
4776,Munira Wilson,F,Twickenham,114760.0,0.0,0.0,0.0,3256.37,118016.37,0.29061034618043147,0.163879911072916,50008.0,0.256394781,655000,0.4640197307186944,1.9917858602370249,1,Q75838676,['politician'],0,0.4000559336254312,9.0
4777,Sarah Owen,F,Luton North,5000.0,0.0,0.0,0.0,850.0,5850.0,0.347335640138408,0.143832179930795,26525.0,0.332453702,317500,0.46410161513775455,2.0547959591918383,1,Q75621688,['politician'],0,0.19383146212414504,6.0
4779,Taiwo Owatemi,F,Coventry North West,5000.0,0.0,0.0,0.0,540.0,5540.0,0.3076803111755311,0.166412858007816,25625.0,0.21521500100000002,220500,0.46322078233418595,1.9641649549691893,1,Q76364051,['politician'],0,0.26585772067570784,8.0
4780,Laura Trott,F,Sevenoaks,18270.0,0.0,0.0,0.0,4702.0,22972.0,0.2829724458668795,0.213321998299744,29875.0,0.11721414299999999,465000,0.3058627286378336,2.024457182560361,1,Q76449016,['politician'],0,0.10902022084610914,3.0
4785,Dr Ben Spencer,M,Runnymede and Weybridge,6868.0,0.0,0.0,0.0,1550.0,8418.0,0.2874510320928125,0.184091080307367,35110.0,0.20739044,503000,0.3666737834382086,1.9949274529191288,0,Q76450770,"['politician', 'psychiatrist']",0,0.1580627111267693,5.0
4786,Zarah Sultana,F,Coventry South,34339.66,0.0,0.0,0.0,316.0,34655.66,0.404847131980706,0.129445529557141,35198.0,0.309676331,231750,0.46410161513775455,1.9802963371986009,1,Q63929279,['politician'],0,0.23872598347803703,7.0
4787,James Wild,M,North West Norfolk,5500.0,0.0,0.0,0.0,350.0,5850.0,0.2446396779936522,0.266787290037928,20245.0,0.115665583,263000,0.3597021149709166,1.9733485343447852,0,Q76450761,['politician'],0,0.11116097473410223,3.0
4788,Fleur Anderson,F,Putney,5150.0,0.0,0.0,0.0,0.0,5150.0,0.27542849993744434,0.108934603492341,55964.0,0.3980906,595000,0.46410161513775455,1.9797462345172845,1,Q75410647,['politician'],0,0.2533319809311289,7.0
4790,Apsana Begum,F,Poplar and Limehouse,21000.0,0.0,0.0,0.0,0.0,21000.0,0.32463025583222205,0.0481196843938928,60924.0,0.500761009,495000,0.46410161513775455,1.9469334710081714,1,Q76363973,['politician'],0,0.29174699774685836,8.0
4797,James Murray,M,Ealing North,5000.0,0.0,0.0,0.0,0.0,5000.0,0.3157644713376787,0.130022038953655,39481.0,0.493654433,485000,0.46410161513775455,2.0624972346356354,0,Q75292880,['politician'],0,0.28957716506291636,8.0
4799,Charlotte Nichols,F,Warrington North,10000.0,0.0,0.0,0.0,1500.0,11500.0,0.2694234675277327,0.196677256392896,22428.0,0.091987049,210000,0.4258439684311868,1.9636685654109425,1,Q76364081,['politician'],0,0.22951474738393146,7.0
4803,Paul Holmes,M,Hamble Valley,2500.0,0.0,0.0,0.0,0.0,2500.0,0.2722707024447495,0.198793499908598,29481.0,0.074967547,367000,0.2942467623256207,2.048288730897324,0,Q13195141,['politician'],0,0.0889193393081994,2.0
4804,Mr Gagan Mohindra,M,South West Hertfordshire,18984.13,0.0,0.0,0.0,200.0,19184.13,0.290308959110422,0.185083900545931,33828.0,0.185458754,540000,0.3079706730501433,2.0321023747243165,0,Q76364829,"['businessperson', 'politician']",0,0.09234467608902888,3.0
4806,Claire Coutinho,F,East Surrey,44500.0,2000.0,0.0,0.0,7182.0,53682.0,0.2851442878375275,0.202142622018732,29679.0,0.114092146,485000,0.28152731922799223,2.022989368355222,1,Q76364263,['politician'],0,0.15143507602244086,5.0
4811,Navendu Mishra,M,Stockport,18320.84,0.0,0.0,0.0,550.0,18870.84,0.2875880933837349,0.151805558193871,29726.0,0.115903055,240875,0.46259865056325794,1.9139295019487093,0,Q75720091,['politician'],0,0.34956390357805095,9.0
4813,Mr Richard Holden,M,Basildon and Billericay,15000.0,0.0,0.0,0.0,400.0,15400.0,0.3142349606067296,0.165525366320594,21615.0,0.12130833499999999,348000,0.45795478830120784,2.012431377052946,0,Q76729336,['politician'],0,0.0004747887190200361,0.0
4820,Ms Abena Oppong-Asare,F,Erith and Thamesmead,2000.0,0.0,0.0,0.0,1860.0,3860.0,0.33886778398510137,0.102532588454376,38366.0,0.395371366,375000,0.46410161513775455,2.0059131766697567,1,Q76364044,['politician'],0,0.4037247083880235,9.0
4822,Feryal Clark,F,Enfield North,3500.0,0.0,0.0,0.0,0.0,3500.0,0.350297089000614,0.125029551293164,32869.0,0.350627365,432000,0.46264170112995445,2.0374848439726874,1,Q75621766,"['politician', 'council member']",0,0.2928354639933781,8.0
4824,Kim Johnson,F,Liverpool Riverside,8000.0,0.0,0.0,0.0,1396.0,9396.0,0.413352950211393,0.100183504037897,31990.0,0.243466141,140000,0.46410161513775455,1.7790871469323797,1,Q76449002,['politician'],0,0.45684197523238934,9.0
4828,Paula Barker,F,Liverpool Wavertree,8000.0,0.0,0.0,0.0,0.0,8000.0,0.365553953011727,0.143156716134664,32096.0,0.178665372,180000,0.46410161513775455,1.883445821005917,1,Q76363951,['politician'],0,0.40949390933065427,9.0
4831,Ian Byrne,M,Liverpool West Derby,17450.0,0.0,0.0,0.0,900.0,18350.0,0.29157048556271,0.176861863686064,20783.0,0.09926738,160000,0.46410161513775455,1.9268386362558678,0,Q76365836,['politician'],0,0.5373625217070989,9.0
4844,Matt Vickers,M,Stockton West,23000.0,0.0,0.0,0.0,0.0,23000.0,0.26933166366197747,0.216218842097308,27282.0,0.05266634,219950,0.36347363366696644,2.0326530612244897,0,Q76362976,['politician'],0,0.04397795962005017,1.0
4860,Dr Kieran Mullan,M,Bexhill and Battle,5000.0,0.0,0.0,0.0,0.0,5000.0,0.2223735042451208,0.323714010560223,22612.0,0.073177828,350000,0.35028457883308844,1.9491667289440249,0,Q76364848,['politician'],0,0.05564397905759162,1.0
4864,Olivia Blake,F,Sheffield Hallam,31570.0,0.0,0.0,0.0,0.0,31570.0,0.310008463817181,0.217001692763436,39124.0,0.090261806,340000,0.4586441401223506,2.011248778168177,1,Q76363044,"['politician', 'council member']",0,0.158698474835759,5.0
4869,Nadia Whittome,F,Nottingham East,7000.0,0.0,0.0,0.0,0.0,7000.0,0.41851663969208597,0.0916894138866745,34343.0,0.307930178,180000,0.46369020700934394,1.8768413315131787,1,Q76363111,['politician'],0,0.41652701848850304,9.0
4872,David Simmonds,M,"Ruislip, Northwood and Pinner",20000.0,0.0,0.0,0.0,3000.0,23000.0,0.27220566695287607,0.210929844941663,39573.0,0.330786256,635000,0.45086677453832275,2.039070416709751,0,Q76363601,['politician'],0,0.1609861757023635,5.0
4874,Andrew Griffith,M,Arundel and South Downs,44500.0,0.0,0.0,0.0,400.0,44900.0,0.2334247804758649,0.295024119608783,30616.0,0.080499095,485000,0.23041683318693967,2.0013016827207535,0,Q392149,['politician'],0,0.2216660577274388,7.0
4918,Sarah Green,F,Chesham and Amersham,55450.0,0.0,0.0,0.0,324.91,55774.91,0.28569426649583524,0.214165598975016,37476.0,0.158103203,610000,0.23566492163315145,2.0443301069791135,1,Q107284337,"['politician', 'entrepreneur']",0,0.1001010008263704,3.0
4923,Kim Leadbeater,F,Spen Valley,22700.6,0.0,0.0,0.0,1799.2,24499.8,0.2824056702105474,0.206806337294142,21324.0,0.06354329,190000,0.3762543050156372,1.967941765596756,1,Q107009776,"['politician', 'personal trainer']",0,0.1507136246285742,5.0
4932,Mr Louie French,M,Old Bexley and Sidcup,0.0,0.0,0.0,0.0,590.0,590.0,0.2890841220907894,0.191074647152101,25367.0,0.160813706,445750,0.4637860426411503,2.0377499118698696,0,Q76363567,['politician'],0,0.07448617555056368,2.0
4934,Helen Morgan,F,North Shropshire,26450.0,0.0,0.0,0.0,324.91,26774.91,0.250801462730757,0.251174008097959,25214.0,0.061449432,245000,0.2139432537700612,1.9939909818717219,1,Q75839196,"['politician', 'chartered accountant']",0,0.3087268621204178,8.0
4938,Paulette Hamilton,F,Birmingham Erdington,0.0,913.6,300.0,0.0,600.0,1813.6,0.331640075749571,0.140266749026715,22968.0,0.21365696699999998,195000,0.4640218729989243,1.9284583459864357,1,Q110863310,"['politician', 'nurse']",1,0.2056126783255705,6.0
4979,Andrew Western,M,Stretford and Urmston,0.0,0.0,0.0,0.0,2000.0,2000.0,0.301869505039281,0.161383706649511,28993.0,0.15178745300000002,285000,0.4439794356407425,1.967374226976433,0,Q76450765,['politician'],0,0.35107169253510717,9.0
5001,Sarah Edwards,F,Tamworth,26000.0,0.0,0.0,0.0,0.0,26000.0,0.2766833458098575,0.204769315629801,20258.0,0.066221784,250000,0.424874290060039,2.0352160107764843,1,Q123113780,"['politician', 'union organizer']",0,0.031561158308212295,1.0
5010,Damien Egan,M,Bristol North East,5000.0,0.0,0.0,0.0,0.0,5000.0,0.308660102782777,0.155964317681252,25646.0,0.169969887,306000,0.46410161513775455,1.9851735252229965,0,Q52621189,['politician'],0,0.26595060611112437,8.0
5025,Chris Webb,M,Blackpool South,37500.0,0.0,0.0,0.0,1600.0,39100.0,0.2800843069207986,0.189199992732162,19801.0,0.08804447600000001,125000,0.46410161513775455,1.86502966314731,0,Q76736932,['politician'],0,0.1946560545764639,6.0
5030,Dr Simon Opher,M,Stroud,10000.0,1250.0,0.0,0.0,0.0,11250.0,0.251491165932633,0.234510866775488,29911.0,0.062406309,330000,0.31960912174412753,1.9808249242586893,0,Q126852558,"['physician', 'politician', 'general practitioner']",0,0.20622589232357255,6.0
5032,Tom Gordon,M,Harrogate and Knaresborough,48500.0,0.0,0.0,0.0,660.0,49160.0,0.2565853847569771,0.225244862963931,34426.0,0.101627152,306000,0.40670224016259915,1.9401151034375486,0,Q75839031,"['politician', 'council member']",0,0.15822833435771358,5.0
5034,Josh Newbury,M,Cannock Chase,27500.0,0.0,0.0,0.0,0.0,27500.0,0.2685188847142572,0.196519675697053,18748.0,0.035840784,218500,0.38642278278304026,1.9950572967002622,0,Q126848460,['politician'],0,0.07275394035340954,2.0
5036,Jodie Gosling,F,Nuneaton,18000.0,0.0,357.9,0.0,0.0,18357.9,0.28801656167043044,0.179137446016086,20484.0,0.114904882,222000,0.4555778975756837,1.9993268243775513,1,Q126851385,['politician'],0,0.08441511173658797,2.0
5037,Lola McEvoy,F,Darlington,31500.0,4971.51,0.0,0.0,0.0,36471.51,0.2745719785229452,0.203170904670246,22204.0,0.082372391,145000,0.46410161513775455,1.9107108279107468,1,Q98968875,['politician'],0,0.05422624946906414,1.0
5038,Anneliese Midgley,F,Knowsley,9650.0,2279.0,0.0,0.0,450.0,12379.0,0.2982213562943871,0.168667378962143,16955.0,0.051817504,165000,0.45873435175907384,1.9548766215980677,1,Q126850323,['politician'],0,0.5081976308708076,9.0
5040,Liz Jarvis,F,Eastleigh,7000.0,0.0,695.71,0.0,0.0,7695.71,0.2744726338293675,0.202521247353954,25961.0,0.10618918499999999,326500,0.4220306671496616,2.0331720374755484,1,Q75839209,['politician'],0,0.033304610081861266,1.0
5041,Shaun Davies,M,Telford,29450.0,1810.0,3057.38,0.0,1238.0,35555.38,0.3098803655445277,0.157909998222787,19902.0,0.11059495,204000,0.4597586259758963,2.0121401029761494,0,Q126852645,['politician'],0,0.198919715197643,6.0
5042,Pam Cox,F,Colchester,20000.0,631.38,7180.75,0.0,0.0,27812.13,0.3225280538356133,0.141873493244532,30397.0,0.184762954,290000,0.4635894784988935,1.980767358686221,1,Q124817394,"['politician', 'council member', 'senior lecturer']",0,0.18372937220230273,6.0
5044,Adam Thompson,M,Erewash,16000.0,798.67,0.0,0.0,0.0,16798.67,0.265199106459292,0.199421086302188,19216.0,0.055887044999999996,200000,0.4281823321828229,1.95909496315073,0,Q75712717,['politician'],0,0.13623680416686043,4.0
5045,Mr Jonathan Brash,M,Hartlepool,37500.0,0.0,694.17,0.0,0.0,38194.17,0.2903335783765353,0.199635631412407,18526.0,0.039686978,140000,0.4582674754705711,1.9342682628878571,0,Q126849949,['politician'],0,0.216777899805694,7.0
5047,James Naish,M,Rushcliffe,18000.0,0.0,7623.0,0.0,0.0,25623.0,0.27889007345389727,0.215882082530491,38039.0,0.090059076,335000,0.34595743398997764,2.0102876946448918,0,Q126851887,['politician'],0,0.12860210584649487,4.0
5049,Michelle Scrogham,F,Barrow and Furness,63000.0,0.0,0.0,0.0,0.0,63000.0,0.2529458942562764,0.232751352129475,22520.0,0.038009871,160000,0.3546740933795978,1.9078008187967248,1,Q126847768,['politician'],0,0.12609838705857274,4.0
5050,Lewis Cocking,M,Broxbourne,33023.520000000004,548.39,11751.0,0.0,4006.95,49329.86,0.2950367816515788,0.178008444108482,24155.0,0.170070061,412250,0.43596412267394724,2.013335170766439,0,Q126848333,['politician'],0,0.06653939281057925,2.0
5051,Kevin Bonavia,M,Stevenage,13000.0,0.0,0.0,0.0,0.0,13000.0,0.29330649821652677,0.164627463483649,24850.0,0.156562383,330000,0.4451709905597923,1.99495953982646,0,Q76364820,['politician'],0,0.15493386398220765,5.0
5052,Patrick Hurley,M,Southport,41500.0,0.0,0.0,0.0,0.0,41500.0,0.2389173342562524,0.256038844043607,25643.0,0.08784888399999999,209625,0.46410161513775455,1.9181663992665594,0,Q126852258,['politician'],0,0.12847599813577754,4.0
5053,Natalie Fleet,F,Bolsover,34046.0,0.0,3323.81,0.0,0.0,37369.81,0.2573381584238037,0.208832269263585,18392.0,0.051914311,170000,0.2172509079417083,1.978593092209497,1,Q76363902,['politician'],0,0.1490078710468021,5.0
5054,Mr Calvin Bailey,M,Leyton and Wanstead,10000.0,0.0,0.0,0.0,760.0,10760.0,0.2876333874365437,0.110888558897675,44704.0,0.409714043,550000,0.46410161513775455,2.0175459314604955,0,Q126850472,"['politician', 'air force officer']",0,0.31930851550352146,8.0
5055,Max Wilkinson,M,Cheltenham,63450.0,0.0,0.0,0.0,863.69,64313.69,0.2823831106870224,0.19158516221374,37218.0,0.146391956,325000,0.4636020317476074,1.9000534854697806,0,Q76738127,['politician'],0,0.14553308304065238,5.0
5056,Jen Craft,F,Thurrock,30450.0,0.0,0.0,0.0,0.0,30450.0,0.3377575767574608,0.110809562305116,26589.0,0.263777748,335000,0.3711435064503316,2.0519652884124553,1,Q126852677,['politician'],0,0.1723733958144736,6.0
5058,Juliet Campbell,F,Broxtowe,13321.0,0.0,0.0,0.0,500.0,13821.0,0.2748984005265406,0.216425161148779,27340.0,0.106712689,247000,0.3755754428976594,1.9721301174537194,1,Q126848344,['politician'],0,0.1756553367615703,6.0
5060,Josh Simons,M,Makerfield,59500.0,4340.33,0.0,0.0,672.0,64512.33,0.2741705384511571,0.209616163174027,20865.0,0.042352726,181995,0.3669665295349111,2.000597914146831,0,Q109924906,['politician'],0,0.13409333631373718,4.0
5061,Andrew Lewin,M,Welwyn Hatfield,53244.05,0.0,6179.66,0.0,0.0,59423.71000000001,0.328250759758628,0.15494697016141,34486.0,0.224605859,420000,0.4310835119991944,2.004544313904414,0,Q126853025,['politician'],0,0.07840264162625116,2.0
5062,Nick Timothy,M,West Suffolk,71500.0,0.0,145000.0,0.0,400.0,216900.0,0.2848506104180228,0.192077091370643,25618.0,0.193413162,275000,0.27376340549049794,1.9601041584470922,0,Q25999600,['politician'],0,0.07034076384827019,2.0
5064,Steve Race,M,Exeter,2000.0,0.0,0.0,0.0,889.95,2889.95,0.38564350291655003,0.155632142209323,30077.0,0.163572356,275000,0.46410161513775455,1.9268701911144206,0,Q126849473,['politician'],0,0.2969772359746237,8.0
5066,Steve Darling,M,Torbay,28392.0,0.0,0.0,0.0,1552.86,29944.86,0.2425817090591828,0.260462306932686,22123.0,0.080355609,235000,0.45937273375152143,1.892182300661303,0,Q126852814,['politician'],0,0.11599262712783259,4.0
5067,Tony Vaughan,M,Folkestone and Hythe,8280.0,25395.81,0.0,0.0,0.0,33675.81,0.2475318497279331,0.254830406308038,20483.0,0.111232314,290000,0.3388799707804358,1.9233744695380712,0,Q126849577,"['lawyer', 'politician']",1,0.08622762798871572,2.0
5068,Shivani Raja,F,Leicester East,8901.0,0.0,0.0,0.0,0.0,8901.0,0.3350094029898311,0.140208140757976,22462.0,0.504681055,257000,0.46410161513775455,2.0915672355636103,1,Q126850394,['politician'],0,0.09474675686089823,3.0
5070,Lisa Smart,F,Hazel Grove,122239.9,974.69,1444.78,0.0,863.69,125523.06,0.2612313335079899,0.234613570867173,25935.0,0.053914461000000004,275000,0.3501846501804361,1.975030432877246,1,Q75838698,['politician'],0,0.14131049176051133,5.0
5071,Paul Waugh,M,Rochdale,9000.0,0.0,0.0,0.0,0.0,9000.0,0.33959825360958895,0.147581479070123,20650.0,0.196179895,180000,0.4094984469291739,1.9780608634111818,0,Q126851726,['politician'],0,0.036283007458173755,1.0
5072,Mr Andrew Snowden,M,Fylde,7000.0,0.0,0.0,0.0,0.0,7000.0,0.22109199548812558,0.285254097777597,28368.0,0.057149151999999995,225000,0.378399967815076,1.922207768906432,0,Q106797847,"['politician', 'council member']",0,0.011697247706422019,0.0
5073,Marie Goldman,F,Chelmsford,0.0,0.0,3131.42,0.0,1932.9,5064.32,0.2857010771577824,0.170237159632009,31420.0,0.152071537,365000,0.4638761336716785,1.9848905854676195,1,Q63929156,['politician'],0,0.09371795882956069,3.0
5074,Mr Paul Foster,M,South Ribble,22000.0,0.0,2261.26,0.0,0.0,24261.260000000002,0.2557393494184888,0.22710791126344,25912.0,0.044737375999999995,215000,0.35520698446713356,1.9954777354004654,0,Q126852263,['politician'],0,0.13914811643835617,4.0
5075,Deirdre Costigan,F,Ealing Southall,6225.0,257.17,852.9,0.0,425.0,7760.07,0.3136789456970463,0.124610987615115,38327.0,0.530187769,550000,0.46410161513775455,2.080011616931678,1,Q126849187,['politician'],0,0.3373419343814081,9.0
5078,Pippa Heylings,F,South Cambridgeshire,51698.96,0.0,1574.5,0.0,600.0,53873.46,0.2764634031757959,0.212167621911115,42218.0,0.186212339,475000,0.2779671604653789,2.0299150273542077,1,Q75839025,['politician'],0,0.19387810877288877,6.0
5081,Joe Morris,M,Hexham,20250.0,0.0,0.0,0.0,1660.0,21910.0,0.2330484632942293,0.276702585062901,30411.0,0.042781636,270000,0.21024278163338075,1.974911001864723,0,Q126850046,['politician'],0,0.07164081191633866,2.0
5082,Jake Richards,M,Rother Valley,30500.0,52070.0,0.0,0.0,1250.0,83820.0,0.2689004645924253,0.226491514961175,19197.0,0.038515469,200000,0.2666909501041223,2.0088172480423068,0,Q126851775,['politician'],0,0.023985771966929435,0.0
5083,Bobby Dean,M,Carshalton and Wallington,28252.0,1047.83,119.52,0.0,1475.85,30895.2,0.30908796679707917,0.143977687028205,30856.0,0.247448305,440000,0.46410161513775455,2.0367537772528173,0,Q75838965,['politician'],0,0.16938075851724876,6.0
5084,Mrs Elsie Blundell,F,Heywood and Middleton North,14000.0,750.04,0.0,0.0,850.83,15600.87,0.3114008310849395,0.176802489316028,20795.0,0.12602201600000001,190000,0.4543256925583082,1.9699151119850367,1,Q125798767,['politician'],0,0.16380285483436574,5.0
5086,Josh Babarinde,M,Eastbourne,75041.62,0.0,0.0,0.0,1425.6,76467.22,0.25875575811515183,0.247694308879478,25210.0,0.15197769700000002,280000,0.4613814985979423,1.9025871519403639,0,Q75839154,['politician'],0,0.2676022365968644,8.0
5087,Tom Collins,M,Worcester,20459.64,1149.4,0.0,0.0,0.0,21609.04,0.2915482135996924,0.180426431041106,28872.0,0.127867049,252000,0.4639103179876339,1.956822145700103,0,Q126853272,['politician'],0,0.15457468068468155,5.0
5088,Sarah Coombes,F,West Bromwich,39500.0,0.0,0.0,0.0,0.0,39500.0,0.3215360571556146,0.156436704621567,20954.0,0.24145294,214000,0.43097642474524395,1.990791871058164,1,Q126853041,['politician'],0,0.26188975082919874,8.0
5089,Ben Obese-Jecty,M,Huntingdon,0.0,0.0,0.0,0.0,2500.0,2500.0,0.2636733954919887,0.204462750067891,31060.0,0.143779332,315000,0.3546400132124799,2.0067829287529575,0,Q76364402,['politician'],0,0.028804765564950038,1.0
5090,Tom Morrison,M,Cheadle,33000.0,0.0,921.22,0.0,0.0,33921.22,0.27180588406157924,0.226389061786796,34080.0,0.111161646,375000,0.3219751509395767,2.0119438836787364,0,Q75838983,['politician'],0,0.2411740355995348,7.0
5091,Nigel Farage,M,Clacton,0.0,547585.27,4000.0,0.0,11333.2,562918.47,0.22846718976460512,0.319476235693937,15142.0,0.05113452,269000,0.3797397349807066,1.9026368542791057,0,Q318471,"['spokesperson', 'politician', 'commodity broker', 'autobiographer', 'broadcaster']",0,0.18288437268810653,6.0
5092,David Baines,M,St Helens North,0.0,0.0,0.0,0.0,1800.0,1800.0,0.2692928512719962,0.208609369893942,22138.0,0.045794746,175000,0.33408007583327104,1.9742788844621513,0,Q126852389,['politician'],0,0.3006621534812472,8.0
5094,Ms Julie Minns,F,Carlisle,20000.0,1920.0,0.0,0.0,0.0,21920.0,0.2616338994152942,0.216697330777455,23260.0,0.069430768,155000,0.44012465848905324,1.9010853301300288,1,Q126848511,['politician'],0,0.11309510863655146,3.0
5095,Kirith Entwistle,F,Bolton North East,21000.0,0.0,2463.56,0.0,0.0,23463.56,0.3134495608891659,0.182315690720037,23856.0,0.152434424,185500,0.46353549783183373,1.945914718019257,1,Q126848080,['politician'],0,0.15343988560621785,5.0
5098,Dr Marie Tidball,F,Penistone and Stocksbridge,52300.0,0.0,0.0,0.0,0.0,52300.0,0.2445647341276897,0.250800284545616,22445.0,0.032844902,210000,0.26211418025008487,1.9955959472531948,1,Q98968631,"['politician', 'academic']",0,0.19877175025588537,6.0
5100,Blake Stephenson,M,Mid Bedfordshire,6400.0,1407.3000000000002,0.0,0.0,0.0,7807.3,0.2909359567601189,0.178364505968814,29423.0,0.09857722099999999,370000,0.25039737101454457,2.0650289594567606,0,Q126850808,['politician'],0,0.02662179319239838,0.0
5103,Luke Taylor,M,Sutton and Cheam,25500.0,0.0,7844.67,0.0,1552.86,34897.53,0.2909849336203111,0.162463572122435,35033.0,0.307852255,475000,0.46410161513775455,2.0088378449660724,0,Q75838757,['politician'],0,0.07984287694828383,2.0
5105,Jo White,F,Bassetlaw,25464.0,184.63,0.0,0.0,700.0,26348.63,0.2612097899460722,0.216116076479239,21354.0,0.071724523,186000,0.3249638603990331,1.9709825729048076,1,Q113459041,['politician'],0,0.12852622665894203,4.0
5107,Linsey Farnsworth,F,Amber Valley,22446.97,0.0,0.0,0.0,500.0,22946.97,0.2539182536098591,0.222340929366801,18245.0,0.035630601,200000,0.2942467623256207,1.9670510219230959,1,Q126847652,['politician'],0,0.0835625778843667,2.0
5108,Sam Rushworth,M,Bishop Auckland,32000.0,2407.62,0.0,0.0,0.0,34407.62,0.2568210182037258,0.24583638163274,19769.0,0.03099869,130000,0.29161503051743,1.9142328933820087,0,Q98968365,['politician'],0,0.1650382170331709,5.0
5109,Chris Bloore,M,Redditch,20500.0,2500.0,0.0,0.0,0.0,23000.0,0.27853208788104983,0.19954808642847,21769.0,0.10579063899999999,255000,0.449221990170761,2.017618310268073,0,Q126851678,['politician'],0,0.018619469026548673,0.0
5111,Martin Wrigley,M,Newton Abbot,0.0,6986.07,3628.68,0.0,1029.62,11644.369999999999,0.2331501363326509,0.272761162235855,23987.0,0.051169574999999995,285000,0.29381125818696124,1.9633439429012347,0,Q75838927,['politician'],0,0.04679946657776296,1.0
5112,Luke Akehurst,M,North Durham,19500.0,1084.62,0.0,0.0,0.0,20584.62,0.2608904933814678,0.223617433160675,20695.0,0.030526551,135000,0.2879347790967338,1.9253481387093838,0,Q98792749,['politician'],0,0.14129676410441477,4.0
5115,Jon Pearce,M,High Peak,16750.0,0.0,0.0,0.0,0.0,16750.0,0.2490862593157645,0.22284296831268,26922.0,0.041614722,254000,0.2925398422045718,1.9555490152797192,0,Q126850060,['politician'],0,0.1607121082794781,5.0
5116,Chris McDonald,M,Stockton North,16000.0,28034.61,0.0,0.0,0.0,44034.61,0.29202010526627553,0.180305528948226,19973.0,0.06674903900000001,135000,0.4432864103045828,1.9292296178492914,0,Q1077529,['triathlete'],0,0.21226705168311008,7.0
5117,Sarah Smith,F,Hyndburn,2000.0,0.0,0.0,0.0,0.0,2000.0,0.303853396311764,0.183128372905248,19142.0,0.090514548,135000,0.3260709476192441,1.9393225627862496,1,Q111045522,['badminton player'],0,0.04637928190465717,1.0
5118,Chris Curtis,M,Milton Keynes North,25500.0,4800.0,0.0,0.0,0.0,30300.0,0.2919225037257821,0.178648782911078,27961.0,0.185180871,340000,0.40906779709120794,2.020016233366948,0,Q126850916,"['politician', 'pollster']",0,0.11810252952563238,4.0
5119,Natasha Irons,F,Croydon East,0.0,47219.0,2713.23,0.0,0.0,49932.23,0.3074980021861127,0.154920133371299,31927.0,0.286327007,412750,0.46410161513775455,2.024266997914079,1,Q126848852,['politician'],0,0.15589666278352635,5.0
5120,Shockat Adam,M,Leicester South,63485.0,0.0,0.0,0.0,0.0,63485.0,0.40862041686443895,0.105473531689525,29593.0,0.400094638,242000,0.46410161513775455,1.9709817982619953,0,Q126850398,"['politician', 'optician']",1,0.023400339412481774,0.0
5122,Manuela Perteghella,F,Stratford-on-Avon,10700.0,310.53,1861.6200000000001,0.0,643.0,13515.150000000001,0.23451726683619,0.267082273808547,31348.0,0.090372783,365500,0.3317258560229689,1.9777610039156484,1,Q112497277,"['politician', 'translator', 'pedagogue', 'university teacher']",0,0.1344813912649408,4.0
5126,Dave Robertson,M,Lichfield,2000.0,0.0,0.0,0.0,0.0,2000.0,0.25053004974312904,0.242793362146293,27311.0,0.043383092,293725,0.40008422655507125,2.002755189897637,0,Q76449013,['politician'],0,0.016495601173020527,0.0
5127,John Slinger,M,Rugby,15000.0,0.0,0.0,0.0,0.0,15000.0,0.2828249217597745,0.184314183963451,29569.0,0.185631239,270000,0.4133587686989067,2.013984496124031,0,Q126851781,['politician'],0,0.09035997061464371,2.0
5128,Phil Brickell,M,Bolton West,17000.0,5695.38,0.0,0.0,394.0,23089.38,0.2827298050139271,0.201455330830406,26257.0,0.099547504,210000,0.3312657257223892,1.991433350301796,0,Q118523561,['politician'],0,0.11087941163280865,3.0
5130,Matt Turmaine,M,Watford,32500.0,3286.23,0.0,0.0,0.0,35786.23,0.3038772125887737,0.130060564548109,35955.0,0.332244631,410000,0.46410161513775455,2.0100357919854024,0,Q76364277,['politician'],0,0.1062422674614779,3.0
5131,Jack Abbott,M,Ipswich,56727.3,0.0,0.0,0.0,880.0,57607.3,0.3030748242207988,0.163081120789169,25182.0,0.191610636,234000,0.46410161513775455,1.9307505169687385,0,Q126850172,['politician'],0,0.16797894306913844,5.0
5133,Alice Macdonald,F,Norwich North,48733.0,0.0,0.0,0.0,0.0,48733.0,0.2645369273103413,0.202834073151625,21806.0,0.110921403,250000,0.46410161513775455,1.9399269875608436,1,Q125843497,['politician'],0,0.2370807385556648,7.0
5134,Andy MacNae,M,Rossendale and Darwen,15000.0,0.0,5436.92,0.0,0.0,20436.92,0.2778089749273428,0.19125166247968,25389.0,0.046355284,165500,0.30736405276148904,1.9580869841413888,0,Q126851759,['politician'],0,0.12613743332287417,4.0
5135,Oliver Ryan,M,Burnley,39000.0,0.0,0.0,0.0,0.0,39000.0,0.3104016515156995,0.179620441128535,21320.0,0.142993129,120000,0.4533091270152128,1.946261247285138,0,Q96483398,['politician'],0,0.08610488682998062,2.0
5138,Ian Roome,M,North Devon,21000.0,3329.02,2815.0699999999997,0.0,1310.75,28454.84,0.2474702751106905,0.260186060395005,23458.0,0.054875195,285000,0.3122845123742117,1.9703551090328255,0,Q126851188,['politician'],0,0.13116284497345235,4.0
5139,Emily Darlington,F,Milton Keynes Central,2000.0,0.0,1024.93,0.0,0.0,3024.9300000000003,0.3220072616918655,0.109560195399896,38035.0,0.323060361,352000,0.40906779709120794,2.026339624188029,1,Q122764804,['politician'],0,0.15275828112887344,5.0
5140,Claire Young,F,Thornbury and Yate,12500.0,0.0,1405.32,0.0,2352.8599999999997,16258.18,0.2635637094747416,0.22936416184971,26825.0,0.061805176,332000,0.3149537196881475,2.052459918461269,1,Q76738120,['politician'],0,0.056476848989075644,1.0
5142,Abtisam Mohamed,F,Sheffield Central,5000.0,0.0,0.0,0.0,2000.0,7000.0,0.452898004864084,0.0817532229946409,36421.0,0.272132868,220000,0.46410161513775455,1.8362337286664738,1,Q126851976,"['solicitor', 'lawyer', 'council member', 'deputy']",1,0.2605414583529856,7.0
5143,Catherine Atkinson,F,Derby North,25000.0,0.0,0.0,0.0,0.0,25000.0,0.315411739905328,0.170339778846706,27550.0,0.155899636,206000,0.46410161513775455,1.9496867848639652,1,Q76364866,['politician'],0,0.21786944940003422,7.0
5144,Mr Richard Quigley,M,Isle of Wight West,0.0,0.0,0.0,0.0,651.0,651.0,0.23411629342762452,0.276589773811528,17059.0,0.06122857600000001,255000,0.2597164730340545,1.9402118231245482,0,Q76364144,"['businessperson', 'politician', 'restaurateur']",0,0.09265091863517061,3.0
5146,Michael Payne,M,Gedling,55689.78,2543.63,71963.95999999999,0.0,0.0,130197.37,0.26220719966100636,0.210678281778136,26193.0,0.081130112,240000,0.45882517740312856,1.9708765315739867,0,Q126849638,['politician'],0,0.24385287960264357,7.0
5147,Luke Myer,M,Middlesbrough South and East Cleveland,21000.0,0.0,0.0,0.0,0.0,21000.0,0.2669137495179737,0.232925575217447,20855.0,0.032182545,177000,0.34500220979670576,1.9551242349613516,0,Q126850856,['politician'],0,0.0056263967398448795,0.0
5148,Mr Hamish Falconer,M,Lincoln,52600.0,0.0,0.0,0.0,0.0,52600.0,0.344897731466778,0.157458350142051,26439.0,0.14064017099999998,185000,0.4496057621476985,1.943815331010453,0,Q75967824,['politician'],0,0.20856261859582542,6.0
5149,Amanda Hack,F,North West Leicestershire,5000.0,907.22,1449.42,0.0,450.0,7806.64,0.2734711877695012,0.201029008232065,24361.0,0.062716077,260000,0.326638699669784,2.0078690824079484,1,Q126851329,['politician'],0,0.020835048999423535,0.0
5150,Samantha Niblett,F,South Derbyshire,75500.0,0.0,0.0,0.0,0.0,75500.0,0.2733477745534799,0.192708546205092,23963.0,0.061194679,245000,0.36782060876597655,2.020581633162069,1,Q126852137,['politician'],0,0.09112971992041455,3.0
5151,David Williams,M,Stoke-on-Trent North,20000.0,0.0,1000.0,0.0,0.0,21000.0,0.295939503860295,0.192558895529192,16702.0,0.09661763000000001,150000,0.4585259433189567,1.9537275064267352,0,Q1177203,"['mathematician', 'university teacher']",0,0.14058091286307053,4.0
5152,Mrs Sureena Brackenridge,F,Wolverhampton North East,35000.0,0.0,0.0,0.0,0.0,35000.0,0.3167723582614282,0.170388711948663,18061.0,0.163513036,200000,0.45999331095244733,1.9868895878165864,1,Q126853244,['politician'],0,0.16287662591246357,5.0
5154,Sarah Hall,F,Warrington South,28000.0,2465.61,0.0,0.0,0.0,30465.61,0.2701389497463459,0.187606500550151,29519.0,0.09961800600000001,265000,0.43342116816556464,1.9864324846922332,1,Q126852969,['politician'],0,0.22829763246899662,7.0
5158,Rupert Lowe,M,Great Yarmouth,0.0,4643.99,0.0,0.0,500.0,5143.99,0.26002883979892233,0.244096853658048,15091.0,0.09772365,219500,0.3251020466177443,1.9446275425441155,0,Q7380323,['politician'],0,0.03499558260528124,1.0
5159,Mr Connor Rand,M,Altrincham and Sale West,10500.0,19432.239999999998,0.0,0.0,0.0,29932.239999999998,0.29642941780551346,0.192817363140848,38655.0,0.145894052,435000,0.42105176105832154,2.012687043124172,0,Q126847642,['politician'],0,0.08112415455181528,2.0
5160,Jenny Riddell-Carpenter,F,Suffolk Coastal,2000.0,0.0,0.0,0.0,450.0,2450.0,0.22187286834924871,0.30481539904502,24456.0,0.071580322,330000,0.21820926848325736,1.9338457225622576,1,Q126852565,['politician'],0,0.021637580635376432,0.0
5161,Richard Tice,M,Boston and Skegness,0.0,0.0,11685.0,0.0,0.0,11685.0,0.2553300533005321,0.245216618832855,17486.0,0.162506913,196500,0.39449990608402696,1.9895708444162132,0,Q23769958,['politician'],0,0.04968483500185391,1.0
5162,Matthew Patrick,M,Wirral West,17000.0,3012.12,0.0,0.0,0.0,20012.12,0.2390057361376666,0.28585651736115,29935.0,0.047255195,275000,0.3705299767766436,1.9682452693620103,0,Q126853201,['politician'],0,0.20015615302996936,6.0
5164,Steff Aquarone,M,North Norfolk,38150.69,702.0,12469.0,0.0,0.0,51321.69,0.19955888434498842,0.346999494554978,20192.0,0.04415989,315000,0.23766068427082546,1.9243808502340092,0,Q7606590,"['businessperson', 'politician']",0,0.05494972684565185,1.0
5165,Peter Swallow,M,Bracknell,3000.0,734.71,0.0,0.0,0.0,3734.71,0.2967954942707316,0.147475237910273,27852.0,0.177367968,373000,0.3860726181711513,2.022147585192449,0,Q126848127,['politician'],0,0.017884435522503822,0.0
5168,Adam Jogee,M,Newcastle-under-Lyme,58100.0,0.0,0.0,0.0,0.0,58100.0,0.30237302468157,0.204460652185402,22137.0,0.079522475,175000,0.43476656521658685,1.9477900828095378,0,Q126851008,['politician'],0,0.12794689282649302,4.0
5173,Alex Baker,F,Aldershot,31350.0,0.0,0.0,0.0,0.0,31350.0,0.2849332528342382,0.163295767089286,28644.0,0.22178130299999999,365000,0.44286229541988664,2.0329131470651935,1,Q126847617,['politician'],0,0.11706905075807515,4.0
5174,Fred Thomas,M,Plymouth Moor View,107992.18,0.0,0.0,0.0,1389.95,109382.12999999999,0.291635274991078,0.2023970022602,18481.0,0.063234821,205000,0.46410161513775455,1.9947462547903845,0,Q75913575,['politician'],0,0.1307634870263207,4.0
5176,Baggy Shanker,M,Derby South,44400.0,68671.51000000001,0.0,0.0,0.0,113071.51000000001,0.3452018597183662,0.134955012208582,23361.0,0.276402668,188000,0.46410161513775455,1.963792873940631,0,Q126848918,['politician'],0,0.16048557448060108,5.0
5178,Sally Jameson,F,Doncaster Central,7000.0,0.0,0.0,0.0,484.0,7484.0,0.2777103239543181,0.182793996023157,22332.0,0.183444429,165000,0.4310092864467549,1.9296877230913578,1,Q126938124,['politician'],0,0.2517130508117225,7.0
5180,Nesil Caliskan,F,Barking,5001.0,0.0,7692.0,0.0,0.0,12693.0,0.38367258907787316,0.0757096853362685,33598.0,0.43358558199999997,355000,0.46410161513775455,2.077516981639653,1,Q56709356,['politician'],0,0.3030402719521891,8.0
5182,Charlotte Cane,F,Ely and East Cambridgeshire,21500.0,0.0,650.18,0.0,1552.86,23703.04,0.26381748370722247,0.206929892249193,31838.0,0.127371642,360000,0.281354325005941,2.0082848156327375,1,Q75839230,['politician'],0,0.00945215681032672,0.0
5186,Bradley Thomas,M,Bromsgrove,13000.0,4342.08,0.0,0.0,3608.9500000000003,20951.030000000002,0.2685858747352003,0.229305727646988,29698.0,0.048408975,342000,0.3709278651051621,2.0168617472434267,0,Q126848327,['politician'],0,0.05983533379625037,2.0
5191,Adam Dance,M,Yeovil,30500.0,0.0,1291.67,0.0,863.69,32655.359999999997,0.2561834608420313,0.244977863731596,23866.0,0.096867396,245000,0.33703489814231014,1.9687236604455147,0,Q126853329,['politician'],0,0.2506128452361497,7.0
5192,Helena Dollimore,F,Hastings and Rye,57322.4,7588.42,0.0,0.0,967.3499999999999,65878.17,0.2570862600241149,0.22526746923386,24851.0,0.107862789,300000,0.4353231772421651,1.905076434343219,1,Q126849974,['politician'],0,0.18814959773863885,6.0
5194,Steve Yemm,M,Mansfield,35921.2,2230.77,0.0,0.0,0.0,38151.969999999994,0.2687700210398619,0.198589760600489,18864.0,0.10740350900000001,180000,0.3989311730445161,1.9750114277007467,0,Q126850760,['politician'],0,0.08482001606347507,2.0
5199,Mr Luke Charters,M,York Outer,32221.75,1661.51,0.0,0.0,0.0,33883.26,0.2516494878326949,0.257650532419497,30580.0,0.066847359,325000,0.3606418254455439,2.017031448420109,0,Q98968884,['politician'],0,0.18375533205494463,6.0
5202,Jessica Toale,F,Bournemouth West,50000.0,0.0,0.0,0.0,0.0,50000.0,0.328591424310898,0.177240666367819,28103.0,0.19497773499999999,300000,0.46091449954494473,1.9304519711271513,1,Q126848116,['politician'],0,0.08179004515703486,2.0
5203,Alison Griffiths,F,Bognor Regis and Littlehampton,9500.0,0.0,0.0,0.0,0.0,9500.0,0.24100431643968062,0.274800922825035,22378.0,0.120795526,312500,0.4474418088521402,1.9414967425332093,1,Q126848074,['politician'],0,0.03690384092667322,1.0
5204,Sarah Sackman,F,Finchley and Golders Green,59710.0,25207.9,0.0,0.0,0.0,84917.9,0.2995212423879126,0.156949924970822,53056.0,0.449869713,687500,0.46410161513775455,1.9756130020971123,1,Q115628686,"['lawyer', 'politician']",1,0.0929416299782913,3.0
5205,Ben Goldsborough,M,South Norfolk,2610.0,0.0,0.0,0.0,0.0,2610.0,0.2648119362581814,0.225285241463904,26519.0,0.074696369,300000,0.2698087869134225,2.0255459289659012,0,Q126852231,['politician'],0,0.0569999394905101,1.0
5207,Clive Jones,M,Wokingham,70700.0,0.0,0.0,0.0,1552.9,72252.9,0.29093561408416857,0.185634067383397,37302.0,0.157064448,503250,0.41100977920995535,2.0655436447166924,0,Q126853240,['politician'],0,0.1545398988870164,5.0
5208,Perran Moon,M,Camborne and Redruth,29530.0,0.0,0.0,0.0,0.0,29530.0,0.2695154308057529,0.230035709298382,23824.0,0.049909182999999996,260000,0.21279029624178217,1.971399798590131,0,Q126848446,['politician'],0,0.16335670189389975,5.0
5210,Tom Hayes,M,Bournemouth East,35070.85,2423.6,0.0,0.0,0.0,37494.45,0.27737746753734127,0.182719732792914,30871.0,0.21247917,312500,0.46390871901555947,1.9237313847402944,0,Q126848109,['politician'],0,0.12199955466488532,4.0
5215,Naushabah Khan,F,Gillingham and Rainham,35000.0,1447.21,0.0,0.0,0.0,36447.21,0.3037507626453862,0.181117384441065,20720.0,0.137245739,300000,0.46202928814563915,2.0220467032967036,1,Q112578460,"['politician', 'policy advisor']",0,0.09654837141468157,3.0
5216,Caroline Voaden,F,South Devon,53709.0,0.0,0.0,0.0,1552.86,55261.86,0.2240631638888273,0.304135000766552,26862.0,0.05845937,345000,0.3122845123742117,1.964925500941942,1,Q63929166,['politician'],0,0.1454371071749245,5.0
5217,Lloyd Hatton,M,South Dorset,1932.0,0.0,4098.780000000001,0.0,0.0,6030.780000000001,0.22936478134229119,0.278404189459368,23477.0,0.062798496,295000,0.3737693975966184,1.9430204192265992,0,Q126852156,['politician'],0,0.02137161735016416,0.0
5219,Mike Martin,M,Tunbridge Wells,145786.4,513.28,0.0,0.0,1183.9,147483.58,0.2789794263516184,0.194101340775801,35105.0,0.139260743,435000,0.3697677128933131,1.986233157586409,0,Q126852868,['politician'],0,0.16012903225806452,5.0
5220,Tristan Osborne,M,Chatham and Aylesford,3575.64,1825.87,0.0,0.0,0.0,5401.51,0.3091988465042872,0.16049371119398,20421.0,0.13014847000000002,290000,0.42672502906791676,2.022159655515071,0,Q126848569,['politician'],0,0.048916636063165625,1.0
5222,Tom Rutland,M,East Worthing and Shoreham,29000.0,1668.51,0.0,0.0,1000.0,31668.51,0.2629666700030022,0.223461115003503,24349.0,0.09440928900000001,375000,0.43120157721678115,1.976013918604378,0,Q126849322,['politician'],0,0.19395655894698235,6.0
5224,Kate Dearden,F,Halifax,9800.0,1475.23,0.0,0.0,1206.0,12481.23,0.309955748150052,0.172371054516075,22378.0,0.123204184,150000,0.45455274756055974,1.9271149294292977,1,Q126849844,['politician'],0,0.15589098323966777,5.0
5225,Lizzi Collinge,F,Morecambe and Lunesdale,15000.0,2240.14,0.0,0.0,0.0,17240.14,0.25181150266293373,0.268769390910652,26073.0,0.052590381,225000,0.36033133420106733,1.9488233283973115,1,Q76363101,['politician'],0,0.12099710772175867,4.0
5227,Jas Athwal,M,Ilford South,0.0,400.0,0.0,0.0,450.0,850.0,0.3723972602739718,0.0975342465753424,36955.0,0.49990247499999996,440000,0.46410161513775455,2.108793271757903,0,Q24053503,['politician'],0,0.1674520281758562,5.0
5228,Maya Ellis,F,Ribble Valley,5000.0,677.86,0.0,0.0,302.0,5979.86,0.2603524705373551,0.225262681960703,30661.0,0.06683296899999999,235000,0.3287122444960951,2.0132272215164084,1,Q126851701,['politician'],0,0.016454260615496992,0.0
5230,Warinder Juss,M,Wolverhampton West,14801.27,0.0,0.0,0.0,0.0,14801.27,0.299108555754826,0.180275697155114,28744.0,0.25340151,228500,0.46410161513775455,1.946184667832555,0,Q126853260,['politician'],0,0.18022310282428936,6.0
5231,Mr Adnan Hussain,M,Blackburn,1950.0,0.0,4250.0,0.0,0.0,6200.0,0.36757351646416536,0.132884310618066,21602.0,0.228576955,140000,0.4634035480153582,1.992526425487569,0,Q126848030,['politician'],0,0.003394450587599969,0.0
5234,Laurence Turner,M,Birmingham Northfield,13818.66,2772.3,5704.29,0.0,0.0,22295.25,0.3218935349254664,0.168006810211616,23046.0,0.133338355,220000,0.46410161513775455,1.9408332417280423,0,Q126848000,"['politician', 'trade unionist']",0,0.14312652714331245,5.0
5235,Al Carns,M,Birmingham Selly Oak,2000.0,0.0,0.0,0.0,0.0,2000.0,0.400558821923293,0.139468846132843,28762.0,0.17642649700000002,245000,0.46410161513775455,1.959638394044137,0,Q126848013,"['politician', 'military officer']",0,0.3002628633891159,8.0
5237,Chris Vince,M,Harlow,29000.0,0.0,0.0,0.0,0.0,29000.0,0.3039050447220801,0.160384172931325,22421.0,0.16651418,330000,0.4509108661376353,2.0049426536814785,0,Q63929037,['politician'],0,0.057753073321493646,1.0
5239,Sarah Gibson,F,Chippenham,19498.0,2940.1,1322.42,0.0,0.0,23760.519999999997,0.2772260256707563,0.197269583278718,26685.0,0.093473849,300000,0.3335927928769879,2.0051028124009074,1,Q126848659,['politician'],0,0.1643641945386977,5.0
5242,Michael Wheeler,M,Worsley and Eccles,3000.0,14566.67,4795.65,0.0,0.0,22362.32,0.28614457831325213,0.171760889712696,27030.0,0.111194248,239000,0.35932212784427064,1.9564796106802234,0,Q83385347,['politician'],0,0.26070093787462095,8.0
5243,Andrew Pakes,M,Peterborough,72025.0,2645.64,0.0,0.0,0.0,74670.64,0.3305486322656081,0.146681436351887,23490.0,0.320518987,220000,0.4484978563810359,2.001704008841555,0,Q4758196,['politician'],0,0.0028181123423767673,0.0
5244,Chris Hinchliff,M,North East Hertfordshire,0.0,56.23,1051.75,0.0,0.0,1107.98,0.2733274690433143,0.208456177320663,31142.0,0.093756593,407200,0.3116421599928882,2.0054471826911953,0,Q126851256,['politician'],0,0.03661462300076161,1.0
5247,Sojan Joseph,M,Ashford,0.0,586.07,6330.67,0.0,0.0,6916.74,0.2981537385413976,0.169946250414166,24933.0,0.15241516100000002,320000,0.3877535131324122,2.044380430676237,0,Q126847692,['politician'],0,0.03787120808940926,1.0
5248,Luke Murphy,M,Basingstoke,39000.0,0.0,0.0,0.0,0.0,39000.0,0.2822288104472122,0.156717153170259,28701.0,0.177932023,325000,0.46237086787270687,2.012223587223587,0,Q126847785,['politician'],0,0.132356243238278,4.0
5249,Ellie Chowns,F,North Herefordshire,75441.4,974.67,0.0,0.0,706.6,77122.67,0.2249622381296372,0.294509752413476,26693.0,0.067409468,318000,0.2466983346546127,1.9909577394348585,1,Q63929188,['politician'],0,0.11703268337238394,4.0
5254,Alison Hume,F,Scarborough and Whitby,43625.0,10923.74,0.0,0.0,0.0,54548.74,0.23794037384328037,0.267219976609147,22904.0,0.065337404,200000,0.38751578109425733,1.8969738169378536,1,Q20631245,"['screenwriter', 'politician', 'television producer', 'science fiction writer']",0,0.1222948372944981,4.0
5255,Joe Robertson,M,Isle of Wight East,5000.0,0.0,1942.7600000000002,0.0,0.0,6942.76,0.2118344216552075,0.317061243275896,15724.0,0.061382914999999996,256000,0.2597164730340545,1.8888005583032434,0,Q76364337,['politician'],0,0.09751159105581314,3.0
5256,Jonathan Davies,M,Mid Derbyshire,0.0,1569.29,0.0,0.0,0.0,1569.29,0.2512413785267071,0.242912495596941,26329.0,0.048993552999999995,255000,0.34023325433677093,1.9908708957933503,0,Q126850834,['politician'],0,0.03950108322991818,1.0
5257,Rachel Blake,F,Cities of London and Westminster,94469.69,143.32,0.0,0.0,525.0,95138.01000000001,0.26071169208424,0.130125487072567,66167.0,0.5674142520000001,1025000,0.46410161513775455,1.753584217282616,1,Q126848695,['politician'],0,0.06905520846614815,2.0
5258,Louise Jones,F,North East Derbyshire,35000.0,423.08,0.0,0.0,0.0,35423.08,0.2483388526866786,0.246992842645016,21307.0,0.031650884000000004,235000,0.2307045533936108,1.9614073772259906,1,Q126851228,['politician'],0,0.03822003226791087,1.0
5259,Dr Jeevun Sandher,M,Loughborough,48948.0,0.0,0.0,0.0,0.0,48948.0,0.358257946512432,0.173928518463591,28091.0,0.15213707,250000,0.3782435370068557,1.9845673052492503,0,Q126850575,['politician'],0,0.1173714475023072,4.0
5260,Katie White,F,Leeds North West,34000.0,0.0,0.0,0.0,0.0,34000.0,0.2694717994628463,0.220456580125335,32493.0,0.06982886799999999,296750,0.3943341309533294,1.9834076583871048,1,Q126850368,['politician'],0,0.23898587701147117,7.0
5263,Alex Brewer,F,North East Hampshire,5500.0,0.0,0.0,0.0,0.0,5500.0,0.274920603898959,0.202140030292666,35264.0,0.111203506,461247.5,0.3295924896056015,2.0538444677171874,1,Q126851238,"['politician', 'charity worker']",0,0.011411087113030958,0.0
5265,James MacCleary,M,Lewes,57060.0,0.0,1609.6599999999999,0.0,2118.5,60788.16,0.2407678168602222,0.286584092238282,27764.0,0.080871022,377250,0.22805399688388356,1.9626499143346658,0,Q126850432,['politician'],0,0.23741372501081376,7.0
5269,Dr Lauren Sullivan,F,Gravesham,34611.0,0.0,3107.4700000000003,0.0,0.0,37718.47,0.3084042254837802,0.172534355426755,22572.0,0.19240460999999998,350000,0.43420765295990593,2.0237764249077226,1,Q76363243,['politician'],0,0.06273131014063657,2.0
5270,Darren Paffey,M,Southampton Itchen,27705.85,0.0,3037.37,0.0,0.0,30743.219999999998,0.32645534379503804,0.146111772551898,26273.0,0.193905622,250000,0.46410161513775455,1.9321346005651168,0,Q98968376,['politician'],0,0.1604341313431267,5.0
5271,Satvir Kaur,F,Southampton Test,35000.0,0.0,32437.0,0.0,0.0,67437.0,0.341520876443345,0.127919163688156,30171.0,0.277764626,250000,0.46410161513775455,1.9357901202070722,1,Q120053130,"['politician', 'council member']",0,0.26066191872643485,8.0
5272,Margaret Mullane,F,Dagenham and Rainham,34321.520000000004,838.84,0.0,0.0,0.0,35160.36,0.34450129786122385,0.127613345164741,27195.0,0.316846364,395000,0.4637036616101655,2.0523750264152714,1,Q126848892,['politician'],0,0.1845524480922119,6.0
5273,Connor Naismith,M,Crewe and Nantwich,10000.0,0.0,3469.23,0.0,0.0,13469.23,0.2724679792856947,0.187970729011613,26215.0,0.135786443,193000,0.39443018973892513,1.9643038772722496,0,Q126848844,['politician'],0,0.20609360764455367,6.0
5279,Jayne Kirkham,F,Truro and Falmouth,34240.0,0.0,933.86,0.0,0.0,35173.86,0.28249921964415703,0.238372697950265,29907.0,0.069376871,330000,0.20972806283059,1.9750422162942658,1,Q63929203,['politician'],0,0.1621637752665924,5.0
5281,Anna Dixon,F,Shipley,44000.0,1450.0,0.0,0.0,0.0,45450.0,0.2600544361390965,0.225158433539161,29086.0,0.065187633,215000,0.29623427375448136,1.9389922373800008,1,Q126852021,['politician'],0,0.17810487961410265,6.0
5282,Dan Tomlinson,M,Chipping Barnet,45050.0,0.0,0.0,0.0,0.0,45050.0,0.2934547493791224,0.176569551632974,43856.0,0.339802565,620000,0.46406286709743916,2.0308789363512982,0,Q126848675,['politician'],0,0.057295660551721424,1.0
5283,Alison Bennett,F,Mid Sussex,42230.0,0.0,475.0,0.0,1867.2,44572.2,0.2776611453195784,0.20259560234247,31985.0,0.12048534999999999,420000,0.4433058877519453,2.012025920039125,1,Q75962487,['politician'],0,0.12492499249924993,4.0
5287,Tim Roca,M,Macclesfield,16000.0,0.0,5000.0,0.0,0.0,21000.0,0.2433541017653158,0.241651090342679,32372.0,0.066842133,295000,0.38085353434636077,1.9491552994213743,0,Q126850616,['politician'],0,0.17275344749204424,6.0
5288,Dr Al Pinkerton,M,Surrey Heath,9000.0,0.0,5569.0,0.0,0.0,14569.0,0.2772785622593059,0.198578836182062,31143.0,0.167089604,470000,0.36970847598378404,2.0500455053696336,0,Q75839213,['politician'],0,0.11802126056750649,4.0
5290,Leigh Ingham,F,Stafford,20000.0,0.0,0.0,0.0,0.0,20000.0,0.2524739067936075,0.221755796754234,26713.0,0.087629657,234000,0.40894809627019574,1.973863445730582,1,Q126852345,['politician'],0,0.0998717642200439,3.0
5293,Cat Eccles,F,Stourbridge,20000.0,797.77,0.0,0.0,0.0,20797.77,0.2770882182115424,0.209832856497515,20511.0,0.074797335,220000,0.4599142312041549,1.947153646155751,1,Q126852488,['politician'],0,0.07706003310095792,2.0
5294,Amanda Martin,F,Portsmouth North,12000.0,2742.18,0.0,0.0,1780.0,16522.18,0.298297454610358,0.168777082568989,21308.0,0.116403149,268000,0.46410161513775455,2.0178818677272057,1,Q76364288,['politician'],0,0.018753155579063784,0.0
5295,Josh Fenton-Glynn,M,Calder Valley,23000.0,0.0,2197.4,0.0,0.0,25197.4,0.2592202638265985,0.215859967401318,29042.0,0.043846457,195000,0.3088221573342634,1.9350085843608553,0,Q76364862,['politician'],0,0.1812409288824383,6.0
5297,Rebecca Paul,F,Reigate,5000.0,0.0,1180.0,0.0,551.0,6731.0,0.2848325315421619,0.186439139511663,36797.0,0.166923558,505000,0.3587027047468379,2.0247161267850924,1,Q126851687,['politician'],0,0.05994996331897444,2.0
5298,Lauren Edwards,F,Rochester and Strood,37000.0,1335.47,0.0,0.0,0.0,38335.47,0.3011706786501408,0.161089961931476,22227.0,0.125681797,310000,0.4161017128929141,2.0127832066594284,1,Q126851732,['politician'],0,0.06878257195173482,2.0
5299,Monica Harding,F,Esher and Walton,83496.0,0.0,0.0,0.0,1347.88,84843.88,0.2966331547522065,0.175990262696351,41467.0,0.19826682099999998,620000,0.42043453768128286,2.0342422104930313,1,Q75839178,['politician'],0,0.2227728285077951,7.0
5300,Kevin McKenna,M,Sittingbourne and Sheppey,0.0,1198.26,0.0,0.0,0.0,1198.26,0.2970176772310613,0.180791849075069,18990.0,0.083134239,290000,0.3383832735799498,2.0337507345960852,0,Q126852043,"['politician', 'nurse']",1,0.00865895897360847,0.0
5301,Rebecca Smith,F,South West Devon,17000.0,0.0,2260.0,0.0,1949.95,21209.95,0.2524221241108652,0.253413457607718,26741.0,0.047492839999999995,275000,0.38382504299710446,2.024224740776465,1,Q76736903,['politician'],0,0.04042724244860457,1.0
5302,Noah Law,M,St Austell and Newquay,0.0,1269.69,0.0,0.0,0.0,1269.69,0.25676350204652076,0.234391534391534,21859.0,0.051486739000000004,275000,0.28043234405696466,1.978831159870282,0,Q126852378,['politician'],0,0.05285457502353848,1.0
5303,Patrick Spencer,M,Central Suffolk and North Ipswich,9500.0,0.0,0.0,0.0,0.0,9500.0,0.2640588853838058,0.236866456361724,23198.0,0.077883095,295000,0.30306991670297184,2.026876930086569,0,Q126848554,['politician'],0,0.09241108933071969,3.0
5304,Dr Danny Chambers,M,Winchester,89705.0,0.0,0.0,0.0,1475.85,91180.85,0.305031121792765,0.215665105100594,40086.0,0.116322586,519500,0.39932120903702517,2.0064286219998584,0,Q75839193,['politician'],0,0.24215081645525263,7.0
5306,Claire Hazelgrove,F,Filton and Bradley Stoke,58732.270000000004,0.0,0.0,0.0,0.0,58732.270000000004,0.329181559228549,0.139521381787833,32536.0,0.168503369,345000,0.43292206407268335,2.040713526284702,1,Q126849558,['politician'],0,0.19854269660690532,6.0
5307,Dr Beccy Cooper,F,Worthing West,8700.0,1700.0,22000.0,0.0,0.0,32400.0,0.2342991806538854,0.269678227666852,25899.0,0.10896768100000001,370000,0.4607762733719116,1.923974672932248,1,Q76450757,['politician'],0,0.07743592760358453,2.0
5308,Sam Carling,M,North West Cambridgeshire,0.0,1132.98,0.0,0.0,0.0,1132.98,0.3045494756551081,0.156470355833068,26970.0,0.18963112599999998,260000,0.3495750086674153,2.02342908438061,0,Q126851306,['politician'],0,0.0008779038357644517,0.0
5310,Mr Lee Dillon,M,Newbury,36000.0,0.0,965.66,0.0,1552.86,38518.520000000004,0.2753232703632257,0.19307430880867,28575.0,0.125805468,365000,0.39012492797415854,2.00062770668094,0,Q75839148,['politician'],0,0.04857960351522583,1.0
5312,Sadik Al-Hassan,M,North Somerset,6000.0,1143.94,0.0,0.0,960.0,8103.9400000000005,0.2540545677239513,0.257570638172065,30690.0,0.072013442,385000,0.28155072649574314,1.9933269593782943,0,Q63929234,['politician'],0,0.011884834281888182,0.0
5313,Ze Franklin,F,Guildford,110600.0,0.0,0.0,0.0,1552.86,112152.86,0.33915833139489704,0.16432115995968,39097.0,0.220611506,510000,0.41288603577517474,2.0243403338718364,1,Q75838957,['politician'],0,0.17453513894065514,6.0
5314,Sin Berry,F,Brighton Pavilion,174786.07,0.0,0.0,0.0,0.0,174786.07,0.345022613478989,0.115236739397813,42349.0,0.19881119800000002,435000,0.45727632330609347,1.9269143912954219,1,Q7533470,"['writer', 'politician', 'activist']",0,0.27290262208047666,8.0
5316,Mike Reader,M,Northampton South,28891.059999999998,0.0,0.0,0.0,0.0,28891.059999999998,0.3137497978763534,0.154179916994556,27545.0,0.222515423,280000,0.46410161513775455,2.046818844099077,0,Q126851131,['politician'],0,0.09272503644314868,3.0
5317,Paul Davies,M,Colne Valley,17000.0,0.0,0.0,0.0,0.0,17000.0,0.2679553017979224,0.207872157187968,28274.0,0.055210234999999996,215000,0.3696643405898073,1.9729713852103885,0,Q109444509,['politician'],0,0.10737543540814781,3.0
5321,Mr Paul Kohler,M,Wimbledon,49628.0,0.0,1001.17,0.0,1552.86,52182.03,0.2735337963131292,0.151165327418827,53859.0,0.38072743,700000,0.46410161513775455,2.039570727251969,0,Q75839085,['politician'],0,0.22933527325634265,7.0
5322,Mr Will Forster,M,Woking,45710.7,0.0,3762.46,0.0,0.0,49473.159999999996,0.2867084537190788,0.168863206596339,37112.0,0.241949176,450000,0.4443747819042896,2.024161980838381,0,Q75838851,['politician'],0,0.23358604216429535,7.0
5323,Matt Bishop,M,Forest of Dean,5000.0,0.0,730.59,0.0,0.0,5730.59,0.2517787542781864,0.254726249986504,22527.0,0.051301888000000004,285000,0.23899571868707317,2.006901314779762,0,Q126849581,['politician'],0,0.0057807074088706825,0.0
5324,Mrs Sarah Russell,F,Congleton,3000.0,8330.0,0.0,0.0,0.0,11330.0,0.2491611552860693,0.243842178514786,27872.0,0.042750575,270000,0.30054810690833617,1.9878714859437752,1,Q56748081,['politician'],0,0.067571072319202,2.0
5326,Edward Morello,M,West Dorset,56765.74,0.0,0.0,0.0,0.0,56765.74,0.2181374877299635,0.326388229209545,28953.0,0.06940821999999999,340000,0.21547717821429732,1.937867851193781,0,Q75839059,['politician'],0,0.14806577321547382,5.0
5327,Vikki Slade,F,Mid Dorset and North Poole,22625.0,0.0,24085.0,0.0,1552.86,48262.86,0.2510546769467358,0.267451526424073,24870.0,0.062764692,370000,0.36527934513466925,2.025129623228483,1,Q75838701,['politician'],0,0.027305408571313163,0.0
5328,Sean Woodcock,M,Banbury,15000.0,0.0,2583.19,0.0,0.0,17583.19,0.2752898473776167,0.19600536736526,28801.0,0.159870507,324975,0.40132413317423754,2.0050657322264294,0,Q98968363,['politician'],0,0.06758271410187222,2.0
5329,John Milne,M,Horsham,5000.0,0.0,7186.5,0.0,0.0,12186.5,0.2727643278290699,0.200504294083075,31439.0,0.116039543,422500,0.3465889025914678,2.0099153010495305,0,Q126850111,['politician'],0,0.045352168507540674,1.0
5330,Mr Peter Bedford,M,Mid Leicestershire,0.0,0.0,1006.75,0.0,2635.0,3641.75,0.2705875459020226,0.214753105711383,27279.0,0.115026616,275000,0.29168857568882656,2.035955163595516,0,Q126850871,['politician'],0,0.045806451612903226,1.0
5331,Rosie Wrighting,F,Kettering,11500.0,0.0,0.0,0.0,0.0,11500.0,0.286535774425853,0.184111998853498,25147.0,0.139139544,255000,0.376310523059914,2.007884823554882,1,Q126850264,['politician'],0,0.07604865521291633,2.0
5332,Lincoln Jopp,M,Spelthorne,0.0,0.0,0.0,0.0,2000.0,2000.0,0.2783266216646866,0.180259002810209,27996.0,0.208739221,448750,0.45543999410845143,2.0093529482119363,0,Q126852330,['politician'],0,0.03444093055495386,1.0
5333,Lucy Rigby,F,Northampton North,37636.6,6477.81,0.0,0.0,1133.0,45247.409999999996,0.31386754312872167,0.140781717742184,28476.0,0.305557349,230000,0.46410161513775455,1.9624531477090184,1,Q126851127,['politician'],0,0.215578886949035,7.0
5334,Dr Allison Gardner,F,Stoke-on-Trent South,17000.0,0.0,0.0,0.0,0.0,17000.0,0.278338316552387,0.226442404200695,19753.0,0.073013016,200000,0.46410161513775455,2.0035224657260082,1,Q126852472,['politician'],0,0.015314347125201504,0.0
5335,Jess Brown-Fuller,F,Chichester,99643.0,616.0,416.0,0.0,2160.0,102835.0,0.25215274121982356,0.267945777242987,29867.0,0.104854716,369225,0.299079327409538,1.9569818780889618,1,Q126848638,['politician'],0,0.2343157448938341,7.0
5336,Helen Maguire,F,Epsom and Ewell,23425.0,0.0,0.0,0.0,783.9,24208.9,0.2894943431078268,0.192066497344724,38554.0,0.200193809,545000,0.4286003498482309,2.0370321733420877,1,Q126849441,['politician'],0,0.06760201742320036,2.0
5338,Terry Jermy,M,South West Norfolk,0.0,303.49,0.0,0.0,0.0,303.49,0.2560933973179559,0.242047760854308,19110.0,0.120017719,250000,0.3009225133608929,2.0146327121404015,0,Q126852320,['politician'],0,0.014209992105559942,0.0
5339,Danny Beales,M,Uxbridge and South Ruislip,23500.0,2392.03,0.0,0.0,0.0,25892.03,0.331833866877311,0.131127094333347,36630.0,0.32816113399999997,485000,0.46410161513775455,2.042398336414048,0,Q119857194,['politician'],0,0.012784771529381017,0.0
5340,Jack Rankin,M,Windsor,23554.0,19590.0,8750.0,0.0,675.0,52569.0,0.326343146480261,0.166088631984585,37186.0,0.26118622199999997,525000,0.34844496409727815,2.0056276849642005,0,Q76363394,['politician'],0,0.14270874773460637,5.0
5341,Laura Kyrke-Smith,F,Aylesbury,15000.0,2221.6,0.0,0.0,0.0,17221.6,0.2966222302287871,0.156143037290578,30140.0,0.182251108,350000,0.40284164605032996,2.0138127673055597,1,Q75915640,['politician'],0,0.01261513816579896,0.0
5342,John Whitby,M,Derbyshire Dales,0.0,0.0,12825.48,0.0,0.0,12825.48,0.2310516421541519,0.265354417781709,29507.0,0.038901875,290000,0.22456907047197394,1.981164994846268,0,Q126848914,"['politician', 'musician']",0,0.006826337962240599,0.0
5343,Mr Joshua Reynolds,M,Maidenhead,7000.0,0.0,1514.1799999999998,0.0,1552.86,10067.04,0.2769320677531549,0.184313466740816,37373.0,0.204490856,490000,0.40598641190083823,2.0374499316432013,0,Q75839102,['politician'],0,0.058872618172425444,2.0
5344,Ben Coleman,M,Chelsea and Fulham,22200.0,2431.8,0.0,0.0,0.0,24631.8,0.274327866954457,0.127041622216157,61703.0,0.46493553,905000,0.46410161513775455,1.869237981432117,0,Q126848593,['politician'],0,0.003226080312420409,0.0
5345,Peter Lamb,M,Crawley,22000.0,656.25,1354.23,0.0,0.0,24010.48,0.3100603301843371,0.133839292438226,25773.0,0.26797325299999997,340000,0.4629526951403573,2.0456619198312236,0,Q75712690,['politician'],0,0.11469698961482845,4.0
5348,David Taylor,M,Hemel Hempstead,21519.0,0.0,0.0,0.0,578.26,22097.26,0.29404301943371136,0.159477538780923,27066.0,0.167354695,400000,0.4498351787484024,2.0059174991635196,0,Q109797505,['author'],0,0.11011607871587921,3.0
5349,Alex McIntyre,M,Gloucester,25000.0,1659.25,0.0,0.0,0.0,26659.25,0.3073528661553896,0.161936504157668,25215.0,0.151909879,240000,0.46410161513775455,1.9691822094691533,0,Q126849726,['politician'],0,0.07508973124398144,2.0
5350,Ben Maguire,M,North Cornwall,46795.0,0.0,7720.87,0.0,0.0,54515.87,0.2462082506862211,0.266414217306806,23046.0,0.051734633,305000,0.23224352655352024,1.9859557204126579,0,Q126851166,['politician'],0,0.19430188311054736,6.0
5352,Dr Roz Savage,F,South Cotswolds,44816.0,0.0,0.0,0.0,0.0,44816.0,0.2548483107931692,0.243893269280977,31124.0,0.085949428,410000,0.25088639120692147,2.0096270148848463,1,Q7375304,"['politician', 'ocean rower']",0,0.09510968309522444,3.0
5353,Anna Gelderd,F,South East Cornwall,2000.0,0.0,0.0,0.0,0.0,2000.0,0.226102901286808,0.287687433543823,23670.0,0.044168777,251250,0.21567159656095108,1.9725023810105253,1,Q126852172,['politician'],0,0.038773688268473806,1.0
5354,Cameron Thomas,M,Tewkesbury,8000.0,0.0,0.0,0.0,0.0,8000.0,0.2636243616378904,0.225992979296087,27679.0,0.09495603799999999,312500,0.29633927976395347,2.0015783648525094,0,Q126852655,"['politician', 'military officer']",0,0.1290096623333814,4.0
5355,Sarah Bool,F,South Northamptonshire,7200.0,4825.59,0.0,0.0,3636.0,15661.59,0.2669962796162128,0.20812610142941,29070.0,0.076841081,345000,0.30023225452302094,2.0548328065213775,1,Q76364022,['politician'],0,0.06866305380188838,2.0
5359,Neil Duncan-Jordan,M,Poole,16000.0,0.0,678.72,0.0,0.0,16678.72,0.25092300118964517,0.233150100504574,26056.0,0.121251946,337000,0.46410161513775455,1.9452991452991453,0,Q126851577,['politician'],0,0.0004045398359366221,0.0
5360,David Pinto-Duschinsky,M,Hendon,32500.0,0.0,0.0,0.0,0.0,32500.0,0.3219810009795651,0.117016348877296,47393.0,0.496386036,535000,0.46410161513775455,2.023961661341853,0,Q75720060,['politician'],0,0.00036358347876672484,0.0
5361,James McMurdock,M,South Basildon and East Thurrock,0.0,2136.35,0.0,0.0,0.0,2136.35,0.3021951219512188,0.178175609756097,18060.0,0.11886661400000001,340000,0.42986850665602744,2.0294503651075586,0,Q126852115,['politician'],0,0.002477938759513515,0.0
